,종목코드,종목명
0,005930,삼성전자
1,000660,SK하이닉스
2,005935,삼성전자우
3,005380,현대차
4,005490,POSCO
5,035420,NAVER
6,051910,LG화학
7,068270,셀트리온
8,105560,KB금융
9,207940,삼성바이오로직스
10,012330,현대모비스
11,032830,삼성생명
12,015760,한국전력
13,028260,삼성물산
14,055550,신한지주
15,017670,SK텔레콤
16,034730,SK
17,096770,SK이노베이션
18,051900,LG생활건강
19,090430,아모레퍼시픽
20,066570,LG전자
21,251270,넷마블게임즈
22,033780,KT&G
23,003550,LG
24,018260,삼성에스디에스
25,086790,하나금융지주
26,091990,셀트리온헬스케어
27,006400,삼성SDI
28,000270,기아차
29,010950,S-Oil
30,000810,삼성화재
31,011170,롯데케미칼
32,002790,아모레G
33,000030,우리은행
34,034220,LG디스플레이
35,035720,카카오
36,036570,엔씨소프트
37,010130,고려아연
38,024110,기업은행
39,030200,KT
40,004020,현대제철
41,009150,삼성전기
42,021240,코웨이
43,139480,이마트
44,018880,한온시스템
45,008930,한미사이언스
46,215600,신라젠
47,035250,강원랜드
48,161390,한국타이어
49,267250,현대로보틱스
50,128940,한미약품
51,006800,미래에셋대우
52,032640,LG유플러스
53,009540,현대중공업
54,088350,한화생명
55,078930,GS
56,023530,롯데쇼핑
57,009830,한화케미칼
58,086280,현대글로비스
59,001040,CJ
60,005830,DB손해보험
61,097950,CJ제일제당
62,004800,효성
63,004990,롯데지주
64,047810,한국항공우주
65,029780,삼성카드
66,079440,아이엔지생명
67,009240,한샘
68,271560,오리온
69,001450,현대해상
70,000720,현대건설
71,036460,한국가스공사
72,012750,에스원
73,002380,KCC
74,005940,NH투자증권
75,071050,한국금융지주
76,005387,현대차2우B
77,130960,CJ E&M
78,282330,BGF리테일
79,241560,두산밥캣
80,011070,LG이노텍
81,003490,대한항공
82,008770,호텔신라
83,000120,CJ대한통운
84,950160,티슈진(Reg.S)
85,016360,삼성증권
86,010060,OCI
87,000880,한화
88,011780,금호석유
89,007070,GS리테일
90,138930,BNK금융지주
91,012630,현대산업
92,263750,펄어비스
93,010140,삼성중공업
94,028670,팬오션
95,204320,만도
96,026960,동서
97,088980,맥쿼리인프라
98,004170,신세계
99,000210,대림산업
100,086900,메디톡스
101,016170,로엔
102,007310,오뚜기
103,008560,메리츠종금증권
104,084990,바이로메드
105,006280,녹십자
106,000060,메리츠화재
107,028050,삼성엔지니어링
108,000100,유한양행
109,047040,대우건설
110,069960,현대백화점
111,003670,포스코켐텍
112,145020,휴젤
113,006260,LS
114,030000,제일기획
115,047050,포스코대우
116,005385,현대차우
117,120110,코오롱인더
118,138040,메리츠금융지주
119,004370,농심
120,000150,두산
121,041960,코미팜
122,068760,셀트리온제약
123,034230,파라다이스
124,006360,GS건설
125,000670,영풍
126,010120,LS산전
127,069620,대웅제약
128,039490,키움증권
129,012450,한화테크윈
130,051915,LG화학우
131,042670,두산인프라코어
132,006120,SK케미칼
133,003410,쌍용양회
134,036490,SK머티리얼즈
135,005250,녹십자홀딩스
136,253450,스튜디오드래곤
137,051600,한전KPS
138,114090,GKL
139,161890,한국콜마
140,020150,일진머티리얼즈
141,139130,DGB금융지주
142,090435,아모레퍼시픽우
143,000240,한국타이어월드와이드
144,267270,현대건설기계
145,078340,컴투스
146,006650,대한유화
147,011790,SKC
148,011210,현대위아
149,010620,현대미포조선
150,004000,롯데정밀화학
151,000080,하이트진로
152,001800,오리온홀딩스
153,001740,SK네트웍스
154,034020,두산중공업
155,003520,영진약품
156,071840,롯데하이마트
157,192400,쿠쿠전자
158,042660,대우조선해양
159,064350,현대로템
160,079160,CJ CGV
161,046890,서울반도체
162,011200,현대상선
163,028300,에이치엘비
164,095700,제넥신
165,003240,태광산업
166,085660,차바이오텍
167,115390,락앤락
168,214320,이노션
169,005440,현대그린푸드
170,051905,LG생활건강우
171,057050,현대홈쇼핑
172,028150,GS홈쇼핑
173,035760,CJ오쇼핑
174,103140,풍산
175,111770,영원무역
176,017800,현대엘리베이
177,178920,SKC코오롱PI
178,056190,에스에프에이
179,069080,웹젠
180,181710,NHN엔터테인먼트
181,240810,원익IPS
182,005610,SPC삼립
183,079550,LIG넥스원
184,185750,종근당
185,009420,한올바이오파마
186,003690,코리안리
187,039030,이오테크닉스
188,022100,포스코 ICT
189,007390,네이처셀
190,192820,코스맥스
191,082640,동양생명
192,039130,하나투어
193,014820,동원시스템즈
194,003380,제일홀딩스
195,267260,현대일렉트릭
196,002350,넥센타이어
197,003090,대웅
198,036830,솔브레인
199,151910,나노스
200,180640,한진칼
201,006040,동원산업
202,098460,고영
203,200230,텔콘
204,003300,한일시멘트
205,226320,잇츠한불
206,010780,아이에스동서
207,001120,LG상사
208,005300,롯데칠성
209,105630,한세실업
210,108230,톱텍
211,005290,동진쎄미켐
212,003000,부광약품
213,066970,엘앤에프
214,001230,동국제강
215,001430,세아베스틸
216,000070,삼양홀딩스
217,081660,휠라코리아
218,069260,휴켐스
219,001680,대상
220,006840,AK홀딩스
221,089590,제주항공
222,200130,콜마비앤에이치
223,012510,더존비즈온
224,145990,삼양사
225,001440,대한전선
226,078160,메디포스트
227,020560,아시아나항공
228,175330,JB금융지주
229,214370,케어젠
230,093370,후성
231,051370,인터플렉스
232,000370,한화손해보험
233,093050,LF
234,008000,도레이케미칼
235,192080,더블유게임즈
236,052690,한전기술
237,049770,동원F&B
238,064760,티씨케이
239,115450,지트리비앤티
240,096530,씨젠
241,112040,위메이드
242,023590,다우기술
243,086520,에코프로
244,001060,JW중외제약
245,108670,LG하우시스
246,058470,리노공업
247,005850,에스엘
248,170900,동아에스티
249,048260,오스템임플란트
250,009410,태영건설
251,071320,지역난방공사
252,018670,SK가스
253,066575,LG전자우
254,108320,실리콘웍스
255,272450,진에어
256,102940,코오롱생명과학
257,058820,CMG제약
258,090460,비에이치
259,014680,한솔케미칼
260,034830,한국토지신탁
261,003230,삼양식품
262,020000,한섬
263,000640,동아쏘시오홀딩스
264,003470,유안타증권
265,009970,영원무역홀딩스
266,041510,에스엠
267,085620,미래에셋생명
268,002020,코오롱
269,007570,일양약품
270,095610,테스
271,241590,화승엔터프라이즈
272,065620,제낙스
273,145720,덴티움
274,042700,한미반도체
275,003540,대신증권
276,272290,이녹스첨단소재
277,003620,쌍용차
278,049950,미래컴퍼니
279,025540,한국단자
280,007460,나라케이아이씨
281,073240,금호타이어
282,024720,한국콜마홀딩스
283,019680,대교
284,064960,S&T모티브
285,271980,제일약품
286,017810,풀무원
287,123890,한국자산신탁
288,048530,인트론바이오
289,060980,한라홀딩스
290,036420,제이콘텐트리
291,036930,주성엔지니어링
292,079430,현대리바트
293,009450,경동나비엔
294,007700,F&F
295,089600,나스미디어
296,083790,크리스탈
297,005180,빙그레
298,002270,롯데푸드
299,053210,스카이라이프
300,029530,신도리코
301,004430,송원산업
302,280360,롯데제과
303,237880,클리오
304,192530,광주은행
305,038540,텍셀네트컴
306,080160,모두투어
307,063080,게임빌
308,121800,비덴트
309,058650,세아홀딩스
310,214450,파마리서치프로덕트
311,237690,에스티팜
312,030530,원익홀딩스
313,002240,고려제강
314,006730,서부T&D
315,213420,덕산네오룩스
316,003030,세아제강
317,144510,녹십자랩셀
318,031390,녹십자셀
319,005880,대한해운
320,084110,휴온스글로벌
321,006060,화승인더
322,210980,SK디앤디
323,086450,동국제약
324,033920,무학
325,243070,휴온스
326,000815,삼성화재우
327,161000,애경유화
328,037560,CJ헬로
329,001720,신영증권
330,041830,인바디
331,034310,NICE
332,138250,엔에스쇼핑
333,025860,남해화학
334,091700,파트론
335,072710,농심홀딩스
336,039840,디오
337,053800,안랩
338,267980,매일유업
339,030190,NICE평가정보
340,031430,신세계인터내셔날
341,000990,DB하이텍
342,004130,대덕GDS
343,032350,롯데관광개발
344,096760,JW홀딩스
345,039200,오스코텍
346,122870,와이지엔터테인먼트
347,008730,율촌화학
348,035600,KG이니시스
349,070960,용평리조트
350,033270,유나이티드제약
351,031440,신세계푸드
352,031980,피에스케이
353,003920,남양유업
354,064240,홈캐스트
355,087010,펩트론
356,004490,세방전지
357,027410,BGF
358,043150,바텍
359,005500,삼진제약
360,002960,한국쉘석유
361,025980,에머슨퍼시픽
362,034120,SBS
363,008060,대덕전자
364,265520,AP시스템
365,033290,코웰패션
366,168330,내츄럴엔도텍
367,052710,아모텍
368,041140,넥슨지티
369,082270,젬백스
370,112610,씨에스윈드
371,033240,자화전자
372,174900,앱클론
373,017390,서울가스
374,222040,뉴트리바이오텍
375,004690,삼천리
376,003530,한화투자증권
377,084370,유진테크
378,025770,한국정보통신
379,001520,동양
380,035900,JYP Ent.
381,009290,광동제약
382,092040,아미코젠
383,067080,대화제약
384,051500,CJ프레시웨이
385,065660,안트로젠
386,013120,동원개발
387,025900,동화기업
388,004380,삼익THK
389,206640,바디텍메드
390,023890,아트라스BX
391,001820,삼화콘덴서
392,249420,일동제약
393,005420,코스모화학
394,101530,해태제과식품
395,068240,다원시스
396,232140,와이아이케이
397,078020,이베스트투자증권
398,080420,모다이노칩
399,126560,현대에이치씨엔
400,002390,한독
401,074600,원익QnC
402,003800,에이스침대
403,025620,제이준코스메틱
404,101060,SBS미디어홀딩스
405,019210,와이지-원
406,036580,팜스코
407,011810,STX
408,016450,한세예스24홀딩스
409,032500,케이엠더블유
410,104830,원익머트리얼즈
411,241770,메카로
412,010170,대한광통신
413,003850,보령제약
414,141080,레고켐바이오
415,019170,신풍제약
416,260930,씨티케이코스메틱스
417,005810,풍산홀딩스
418,016580,환인제약
419,100120,뷰웍스
420,00088K,한화3우B
421,119610,인터로조
422,030520,한글과컴퓨터
423,014830,유니드
424,281820,케이씨텍
425,000250,삼천당제약
426,005720,넥센
427,033660,아주캐피탈
428,191420,테고사이언스
429,183490,엔지켐생명과학
430,032190,다우데이타
431,010955,S-Oil우
432,015350,부산가스
433,044490,태웅
434,001725,신영증권우
435,003220,대원제약
436,002795,아모레G우
437,200670,휴메딕스
438,199800,툴젠
439,017940,E1
440,015750,성우하이텍
441,000400,롯데손해보험
442,007690,국도화학
443,016800,퍼시스
444,115960,연우
445,000050,경방
446,036630,세종텔레콤
447,049960,쎌바이오텍
448,001510,SK증권
449,008490,서흥
450,136490,선진
451,183190,아세아시멘트
452,092730,네오팜
453,255440,야스
454,038290,마크로젠
455,004710,한솔테크닉스
456,089030,테크윙
457,037710,광주신세계
458,035810,이지바이오
459,041190,우리기술투자
460,084690,대상홀딩스
461,023410,유진기업
462,065160,에프티이앤이
463,003560,IHQ
464,053030,바이넥스
465,039440,에스티아이
466,079980,휴비스
467,003060,에이프로젠제약
468,097230,한진중공업
469,066700,테라젠이텍스
470,001630,종근당홀딩스
471,102460,이연제약
472,203690,프로스테믹스
473,102710,이엔에프테크놀로지
474,067290,JW신약
475,054950,제이브이엠
476,007820,에스엠코어
477,218410,RFHIC
478,140410,메지온
479,251630,브이원텍
480,003120,일성신약
481,005690,파미셀
482,016100,리더스코스메틱
483,094800,맵스리얼티1
484,241710,코스메카코리아
485,166090,하나머티리얼즈
486,016250,이테크건설
487,099190,아이센스
488,000480,조선내화
489,007160,사조산업
490,104700,한국철강
491,234080,JW생명과학
492,002990,금호산업
493,000540,흥국화재
494,002000,한국유리
495,038500,삼표시멘트
496,086980,쇼박스
497,063570,한국전자금융
498,025000,KPX케미칼
499,001200,유진투자증권
500,007720,대명코퍼레이션
501,002250,알보젠코리아
502,100130,동국S&C
503,214420,토니모리
504,011930,신성이엔지
505,001390,KG케미칼
506,152330,코리아오토글라스
507,122990,와이솔
508,213500,한솔제지
509,036540,SFA반도체
510,024660,하림홀딩스
511,025320,시노펙스
512,060250,NHN한국사이버결제
513,029460,케이씨
514,095570,AJ네트웍스
515,023160,태광
516,030610,교보증권
517,042520,한스바이오메드
518,122900,아이마켓코리아
519,217480,에스디생명공학
520,000155,두산우
521,215360,우리산업
522,052260,SK바이오랜드
523,044820,코스맥스비티아이
524,214390,경보제약
525,007340,디티알오토모티브
526,228850,레이언스
527,001500,현대차투자증권
528,108790,인터파크
529,007810,코리아써키트
530,057500,SKC 솔믹스
531,123100,테라세미콘
532,018000,유니슨
533,002320,한진
534,060720,KH바텍
535,214180,민앤지
536,013030,하이록코리아
537,225570,넷게임즈
538,009680,모토닉
539,040350,큐로컴
540,006380,카프로
541,002810,삼영무역
542,268280,미원에스씨
543,011040,경동제약
544,138490,코오롱플라스틱
545,078520,에이블씨엔씨
546,155650,와이엠씨
547,196170,알테오젠
548,060280,큐렉소
549,078150,HB테크놀러지
550,272550,삼양패키징
551,014620,성광벤드
552,123690,한국화장품
553,217270,넵튠
554,046210,파나진
555,007210,벽산
556,009580,무림P&P
557,082920,비츠로셀
558,067390,아스트
559,192440,슈피겐코리아
560,215000,골프존
561,001130,대한제분
562,027050,코리아나
563,095660,네오위즈
564,136480,하림
565,114570,지스마트글로벌
566,195870,해성디에스
567,001940,KISCO홀딩스
568,000020,동화약품
569,002780,진흥기업
570,005070,코스모신소재
571,092230,KPX홀딩스
572,085370,루트로닉
573,086390,유니테스트
574,048550,SM C&C
575,004700,조광피혁
576,082740,두산엔진
577,200880,서연이화
578,077500,유니퀘스트
579,018120,진로발효
580,160550,NEW
581,060570,아이리버
582,004970,신라교역
583,003200,일신방직
584,095340,ISC
585,011760,현대상사
586,052330,코텍
587,029960,코엔텍
588,001270,부국증권
589,005680,삼영전자
590,123420,선데이토즈
591,090470,제이스텍
592,064260,다날
593,091120,이엠텍
594,006390,현대시멘트
595,011690,유양디앤유
596,036890,진성티이씨
597,078600,대주전자재료
598,004870,티웨이홀딩스
599,001780,알루코
600,033160,엠케이전자
601,015860,일진홀딩스
602,141000,비아트론
603,102260,동성코퍼레이션
604,194510,파티게임즈
605,036190,금화피에스시
606,060150,인선이엔티
607,201490,미투온
608,002030,아세아
609,045100,한양이엔지
610,095720,웅진씽크빅
611,143240,사람인에이치알
612,095270,웨이브일렉트로
613,004360,세방
614,086890,이수앱지스
615,003070,코오롱글로벌
616,036530,S&T홀딩스
617,140670,알에스오토메이션
618,004960,한신공영
619,000490,대동공업
620,023910,대한약품
621,034950,한국기업평가
622,065060,지엔코
623,046440,KG모빌리언스
624,003545,대신증권우
625,016380,동부제철
626,003570,S&T중공업
627,900100,뉴프라이드
628,182400,에이티젠
629,214150,클래시스
630,017960,한국카본
631,039570,아이콘트롤스
632,222800,심텍
633,043610,지니뮤직
634,036030,KTH
635,011370,서한
636,010050,우리종금
637,000860,강남제비스코
638,180400,엠지메드
639,054050,농우바이오
640,027390,한화갤러리아타임월드
641,115180,큐리언트
642,084010,대한제강
643,001250,GS글로벌
644,081000,일진다이아
645,012610,경인양행
646,206560,덱스터
647,900290,GRT
648,005950,이수화학
649,000430,대원강업
650,000140,하이트진로홀딩스
651,900140,코라오홀딩스
652,036800,나이스정보통신
653,178320,서진시스템
654,000680,LS네트웍스
655,035080,인터파크홀딩스
656,044340,위닉스
657,123860,아나패스
658,060590,씨티씨바이오
659,040910,아이씨디
660,067630,에이치엘비생명과학
661,003350,한국화장품제조
662,001880,삼호
663,015360,예스코
664,166480,코아스템
665,121440,골프존뉴딘
666,068400,AJ렌터카
667,005740,크라운해태홀딩스
668,137940,넥스트아이
669,233990,하우동천
670,185490,아이진
671,183300,코미코
672,229500,노브메타파마
673,122640,예스티
674,043370,평화정공
675,067160,아프리카TV
676,115160,휴맥스
677,144960,뉴파워프라즈마
678,030210,KTB투자증권
679,171120,라이온켐텍
680,089470,현대EP
681,210540,디와이파워
682,000320,노루홀딩스
683,035890,서희건설
684,005960,동부건설
685,220630,해마로푸드서비스
686,071200,인피니트헬스케어
687,001790,대한제당
688,103130,웅진에너지
689,215790,이노인스트루먼트
690,005990,매일홀딩스
691,047310,파워로직스
692,020760,일진디스플
693,246720,아스타
694,005160,동국산업
695,217730,강스템바이오텍
696,002450,삼익악기
697,091090,세원셀론텍
698,005389,현대차3우B
699,004150,한솔홀딩스
700,073070,넥센테크
701,036000,예림당
702,005090,삼광글라스
703,109740,디에스케이
704,225530,보광산업
705,006490,인스코비
706,044450,KSS해운
707,071055,한국금융지주우
708,089980,상아프론테크
709,043580,에임하이
710,069110,코스온
711,052420,오성엘에스티
712,000970,한국주철관
713,033640,네패스
714,094480,갤럭시아컴즈
715,140860,파크시스템스
716,038060,루멘스
717,036120,SCI평가정보
718,077970,STX엔진
719,097955,CJ제일제당 우
720,083310,엘오티베큠
721,161580,필옵틱스
722,041590,젬백스테크놀러지
723,008040,사조동아원
724,052790,액토즈소프트
725,067830,세이브존I&C
726,143210,핸즈코퍼레이션
727,019550,SBI인베스트먼트
728,054670,대한뉴팜
729,064550,바이오니아
730,046140,SBS콘텐츠허브
731,053610,프로텍
732,036200,유니셈
733,168490,한국패러랠
734,060240,룽투코리아
735,067280,멀티캠퍼스
736,004250,NPC
737,031330,에스에이엠티
738,000390,삼화페인트
739,074430,아미노로직스
740,052400,코나아이
741,187420,제노포커스
742,049180,셀루메드
743,013990,아가방컴퍼니
744,950110,SBI핀테크솔루션즈
745,229640,LS전선아시아
746,001460,BYC
747,014200,광림
748,126700,하이비젼시스템
749,037950,엘컴텍
750,138690,엘아이에스
751,005430,한국공항
752,131290,티에스이
753,002460,화성산업
754,077360,덕산하이메탈
755,002630,오리엔트바이오
756,064800,필링크
757,012690,모나리자
758,049070,인탑스
759,097520,엠씨넥스
760,078890,가온미디어
761,004060,SG세계물산
762,060300,레드로버
763,121600,나노신소재
764,000180,성창기업지주
765,192410,감마누
766,053300,한국정보인증
767,092200,디아이씨
768,086960,한컴MDS
769,001360,삼성제약
770,007630,암니스
771,011160,두산건설
772,104480,티케이케미칼
773,001380,SG충방
774,004560,현대비앤지스틸
775,021320,KCC건설
776,079370,제우스
777,097780,에스맥
778,119860,다나와
779,023900,풍국주정
780,054780,키이스트
781,216050,인크로스
782,018310,삼목에스폼
783,033320,제이씨현시스템
784,011280,태림포장
785,003460,유화증권
786,225190,삼양옵틱스
787,002840,미원상사
788,239610,에이치엘사이언스
789,160980,싸이맥스
790,900260,로스웰
791,096775,SK이노베이션우
792,264900,크라운제과
793,007660,이수페타시스
794,142760,바이오리더스
795,025440,대성엘텍
796,109960,에이프로젠 H&G
797,900300,오가닉티코스메틱
798,039560,다산네트웍스
799,048410,현대아이비티
800,900270,헝셩그룹
801,090350,노루페인트
802,114810,아이원스
803,007860,서연
804,026890,디피씨
805,007980,태평양물산
806,204990,현성바이탈
807,900310,컬러레이
808,118990,모트렉스
809,019440,세아특수강
810,128820,대성산업
811,194370,제이에스코퍼레이션
812,001045,CJ우
813,008700,아남전자
814,016610,DB금융투자
815,088800,에이스테크
816,092130,이크레더블
817,013570,디와이
818,204620,글로벌텍스프리
819,058430,포스코강판
820,016880,웅진
821,041440,에버다임
822,005945,NH투자증권우
823,267290,경동도시가스
824,000700,유수홀딩스
825,057680,옴니텔
826,103590,일진전기
827,035000,지투알
828,035150,백산
829,002600,조흥
830,067170,오텍
831,194480,데브시스터즈
832,083640,인콘
833,236200,슈프리마
834,013520,화승알앤에이
835,002150,도화엔지니어링
836,200780,비씨월드제약
837,225330,씨엠에스에듀
838,100250,진양홀딩스
839,043090,팜스웰바이오
840,248170,샘표식품
841,117580,대성에너지
842,003555,LG우
843,084870,TBH글로벌
844,050890,쏠리드
845,149940,모다
846,089140,넥스턴
847,004890,동일산업
848,002310,아세아제지
849,096690,제이스테판
850,073560,우리손에프앤지
851,067000,조이시티
852,017900,광전자
853,038880,아이에이
854,041650,상신브레이크
855,003160,디아이
856,013870,지엠비코리아
857,001540,안국약품
858,004650,창해에탄올
859,100700,세운메디칼
860,065650,메디프론
861,117670,알파홀딩스
862,054800,아이디스홀딩스
863,205500,액션스퀘어
864,012700,리드코프
865,084680,이월드
866,000230,일동홀딩스
867,004440,대림씨엔에스
868,005390,신성통상
869,002620,제일파마홀딩스
870,050110,캠시스
871,005870,휴니드
872,109610,에스와이패널
873,065510,휴비츠
874,067990,도이치모터스
875,002360,SH에너지화학
876,032620,유비케어
877,243840,신흥에스이씨
878,060560,홈센타홀딩스
879,094850,참좋은여행
880,010820,퍼스텍
881,241820,피씨엘
882,006405,삼성SDI우
883,131370,알서포트
884,013580,계룡건설
885,017890,한국알콜
886,006220,제주은행
887,063170,서울옥션
888,171090,선익시스템
889,035610,솔본
890,100220,비상교육
891,021080,에이티넘인베스트
892,068790,DMS
893,069640,한세엠케이
894,092070,디엔에프
895,004540,깨끗한나라
896,021820,세원정공
897,214430,아이쓰리시스템
898,102280,쌍방울
899,093920,서원인텍
900,015890,태경산업
901,090360,로보스타
902,003830,대한화섬
903,052020,에스티큐브
904,005710,대원산업
905,099320,쎄트렉아이
906,082210,옵트론텍
907,014790,한라
908,263600,덕우전자
909,033530,세종공업
910,017180,명문제약
911,131390,피앤이솔루션
912,004840,DRB동일
913,094280,효성ITX
914,017370,우신시스템
915,041910,에스텍파마
916,151860,KG ETS
917,010690,화신
918,900250,크리스탈신소재
919,003650,미창석유
920,053450,세코닉스
921,092220,KEC
922,055490,테이팩스
923,241690,유니테크노
924,012200,계양전기
925,009270,신원
926,039860,나노엔텍
927,079970,투비소프트
928,014470,부방
929,251370,와이엠티
930,222110,팬젠
931,088130,동아엘텍
932,096630,에스코넥
933,031510,오스템
934,053350,이니텍
935,092440,기신정기
936,003960,사조대림
937,058610,에스피지
938,230360,에코마케팅
939,064090,에프앤리퍼블릭
940,041460,한국전자인증
941,030960,양지사
942,024090,디씨엠
943,049080,기가레인
944,066980,브레인콘텐츠
945,075180,새론오토모티브
946,144620,코오롱머티리얼
947,087260,모바일어플라이언스
948,014100,보령메디앙스
949,035510,신세계 I&C
950,282690,동아타이어
951,016590,신대양제지
952,033500,동성화인텍
953,022220,정산애강
954,206650,유바이오로직스
955,193250,와이제이엠게임즈
956,025560,미래산업
957,136540,윈스
958,024810,이화전기
959,014280,금강공업
960,196300,애니젠
961,049520,유아이엘
962,015710,코콤
963,090710,디에스티로봇
964,056080,유진로봇
965,037460,삼지전자
966,020710,시공테크
967,074610,이엔쓰리
968,092870,엑시콘
969,140070,서플러스글로벌
970,036560,영풍정밀
971,208640,썸에이지
972,176560,포인트엔지니어링
973,205100,엑셈
974,234300,에스트래픽
975,004980,성신양회
976,034940,조아제약
977,063760,이엘피
978,028100,동아지질
979,005800,신영와코루
980,215200,메가스터디교육
981,122450,KMH
982,264450,유비쿼스
983,066620,국보디자인
984,073490,이노와이어리스
985,038390,레드캡투어
986,008290,원풍물산
987,009155,삼성전기우
988,102120,어보브반도체
989,131030,디에이치피코리아
990,001470,삼부토건
991,000650,천일고속
992,058400,KNN
993,004720,우리들제약
994,009320,대우부품
995,072470,우리산업홀딩스
996,011320,유니크
997,023000,삼원강재
998,227840,현대코퍼레이션홀딩스
999,011560,세보엠이씨
1000,152550,한국ANKOR유전
1001,130660,한전산업
1002,033560,블루콤
1003,034590,인천도시가스
1004,009310,참엔지니어링
1005,030790,동양네트웍스
1006,065680,우주일렉트로
1007,051360,토비스
1008,004910,조광페인트
1009,006370,대구백화점
1010,012030,DB
1011,016600,큐캐피탈
1012,011000,진원생명과학
1013,093190,빅솔론
1014,002210,동성제약
1015,104540,코렌텍
1016,054450,텔레칩스
1017,072020,중앙백신
1018,045390,대아티아이
1019,134380,미원화학
1020,02826K,삼성물산우B
1021,032560,황금에스티
1022,101330,모베이스
1023,002100,경농
1024,016710,대성홀딩스
1025,011700,한신기계
1026,088390,이녹스
1027,222420,쎄노텍
1028,950130,엑세스바이오
1029,156100,엘앤케이바이오
1030,071670,에이테크솔루션
1031,072870,메가스터디
1032,221840,하이즈항공
1033,203650,드림시큐리티
1034,040160,누리텔레콤
1035,024950,삼천리자전거
1036,211270,AP위성
1037,001530,동일방직
1038,004200,고려개발
1039,000215,대림산업우
1040,065350,신성델타테크
1041,035620,바른손이앤에이
1042,059090,미코
1043,004310,현대약품
1044,067310,하나마이크론
1045,006090,사조오양
1046,238490,힘스
1047,003100,선광
1048,053950,경남제약
1049,052290,트레이스
1050,009470,삼화전기
1051,000850,화천기공
1052,016090,대현
1053,002170,삼양통상
1054,130580,나이스디앤비
1055,069510,에스텍
1056,950140,잉글우드랩
1057,036090,위지트
1058,104200,NHN벅스
1059,003480,한진중공업홀딩스
1060,061970,엘비세미콘
1061,042420,네오위즈홀딩스
1062,080000,에스엔유
1063,003080,성보화학
1064,018500,동원금속
1065,204840,지엘팜텍
1066,083930,아바코
1067,009160,SIMPAC
1068,001340,백광산업
1069,149950,아바텍
1070,034810,해성산업
1071,017040,광명전기
1072,900040,차이나그레이트
1073,142280,녹십자엠에스
1074,068290,삼성출판사
1075,238090,앤디포스
1076,007680,대원
1077,134780,화진
1078,006910,보성파워텍
1079,027710,팜스토리
1080,042040,케이피엠테크
1081,015230,대창단조
1082,043200,파루
1083,078000,텔코웨어
1084,009440,KC그린홀딩스
1085,002800,신신제약
1086,040420,정상제이엘에스
1087,071970,STX중공업
1088,037270,YG PLUS
1089,014530,극동유화
1090,095500,미래나노텍
1091,036010,아비코전자
1092,039830,오로라
1093,228760,지노믹트리
1094,012170,키위미디어그룹
1095,025750,한솔홈데코
1096,100840,S&TC
1097,011785,금호석유우
1098,032790,엠젠플러스
1099,006125,SK케미칼우
1100,047080,한빛소프트
1101,108380,대양전기공업
1102,107590,미원홀딩스
1103,048870,시너지이노베이션
1104,080220,제주반도체
1105,011090,에넥스
1106,063160,종근당바이오
1107,010960,삼호개발
1108,075580,세진중공업
1109,002300,한국제지
1110,033170,시그네틱스
1111,096240,청담러닝
1112,137400,피엔티
1113,122350,삼기오토모티브
1114,900080,에스앤씨엔진그룹
1115,047770,코데즈컴바인
1116,053980,오상자이엘
1117,083450,GST
1118,078140,대봉엘에스
1119,046070,코다코
1120,042370,비츠로테크
1121,224060,코디엠
1122,004450,삼화왕관
1123,189300,인텔리안테크
1124,078070,유비쿼스홀딩스
1125,173940,에프엔씨엔터
1126,016740,두올
1127,220100,퓨쳐켐
1128,008350,남선알미늄
1129,065130,탑엔지니어링
1130,026180,현대정보기술
1131,002900,동양물산
1132,005750,대림B&Co
1133,005010,휴스틸
1134,111110,호전실업
1135,052770,와이디온라인
1136,111820,지와이커머스
1137,036810,에프에스티
1138,069410,엔텔스
1139,064520,바른전자
1140,007330,푸른저축은행
1141,068330,일신바이오
1142,049480,오픈베이스
1143,259630,엠플러스
1144,038160,팍스넷
1145,033100,제룡전기
1146,014710,사조씨푸드
1147,004780,대륙제관
1148,139050,아이지스시스템
1149,012160,영흥철강
1150,024890,대원화성
1151,084730,팅크웨어
1152,065150,MP그룹
1153,034300,신세계건설
1154,111870,삼본정밀전자
1155,204630,화이브라더스코리아
1156,037350,성도이엔지
1157,058860,케이티스
1158,009300,삼아제약
1159,067370,선바이오
1160,101160,월덱스
1161,123840,한일진공
1162,088910,동우팜투테이블
1163,086040,바이오톡스텍
1164,002230,피에스텍
1165,108860,셀바스AI
1166,170920,엘티씨
1167,009770,삼정펄프
1168,001570,금양
1169,179900,유티아이
1170,027830,대성창투
1171,227610,아우딘퓨쳐스
1172,085810,알티캐스트
1173,011150,CJ씨푸드
1174,048910,대원미디어
1175,220260,켐트로스
1176,120030,조선선재
1177,038870,에코바이오
1178,053620,태양
1179,047400,유니온머티리얼
1180,163560,동일고무벨트
1181,053110,소리바다
1182,085310,엔케이
1183,083650,비에이치아이
1184,219550,MP한강
1185,043650,국순당
1186,023760,한국캐피탈
1187,147830,제룡산업
1188,004080,신흥
1189,009200,무림페이퍼
1190,071460,대유위니아
1191,094970,제이엠티
1192,101000,디엠씨
1193,080520,오디텍
1194,123410,코리아에프티
1195,058730,동아에스텍
1196,079950,인베니아
1197,012320,경동인베스트
1198,007590,동방아그로
1199,095910,에스에너지
1200,061250,화일약품
1201,126600,코프라
1202,026040,제이에스티나
1203,040610,SG&G
1204,035290,더블유에프엠
1205,005980,성지건설
1206,228340,동양파일
1207,042510,라온시큐어
1208,007110,일신석재
1209,053690,한미글로벌
1210,012800,대창
1211,002700,신일산업
1212,147760,마이크로프랜드
1213,099440,스맥
1214,056730,포스링크
1215,079190,EMW
1216,043340,에쎈테크
1217,023600,삼보판지
1218,900120,씨케이에이치
1219,050120,라이브플렉스
1220,241520,DSC인베스트먼트
1221,036670,KCI
1222,019685,대교우B
1223,036690,코맥스
1224,033180,필룩스
1225,002820,선창산업
1226,032800,판타지오
1227,014440,영보화학
1228,120115,코오롱인더우
1229,217600,켐온
1230,192250,케이사인
1231,060370,KT서브마린
1232,058850,KTcs
1233,002880,대유에이텍
1234,003280,흥아해운
1235,032850,비트컴퓨터
1236,900280,골든센츄리
1237,265560,영화테크
1238,053700,삼보모터스
1239,001750,한양증권
1240,053280,예스24
1241,079960,동양이엔피
1242,053590,한국테크놀로지
1243,000890,보해양조
1244,008600,윌비스
1245,058630,엠게임
1246,000500,가온전선
1247,091580,상신이디피
1248,057540,옴니시스템
1249,042600,새로닉스
1250,056090,유앤아이
1251,078130,국일제지
1252,048430,유라테크
1253,069920,아이에스이커머스
1254,101730,조이맥스
1255,012790,신일제약
1256,093240,형지엘리트
1257,061040,알에프텍
1258,009520,포스코엠텍
1259,094170,동운아나텍
1260,220250,카이노스메드
1261,043290,케이맥
1262,234920,자이글
1263,131970,테스나
1264,100090,삼강엠앤티
1265,225650,쿠첸
1266,018680,서울제약
1267,006660,삼성공조
1268,066360,체리부로
1269,002720,국제약품
1270,250000,보라티알
1271,023800,인지컨트롤스
1272,047820,초록뱀
1273,006980,우성사료
1274,001840,이화공영
1275,090730,SIMPAC Metal
1276,036170,씨티엘
1277,138080,오이솔루션
1278,03473K,SK우
1279,000590,CS홀딩스
1280,049630,재영솔루텍
1281,033230,인성정보
1282,065450,빅텍
1283,084650,랩지노믹스
1284,092600,넥스트칩
1285,002920,유성기업
1286,091970,나노캠텍
1287,200710,에이디테크놀로지
1288,054210,이랜텍
1289,217820,엔에스
1290,045970,코아시아홀딩스
1291,096640,멜파스
1292,067570,엔브이에이치코리아
1293,241790,오션브릿지
1294,054620,APS홀딩스
1295,017510,세명전기
1296,009780,엠에스씨
1297,208370,셀바스헬스케어
1298,045660,에이텍
1299,129260,인터지스
1300,045520,크린앤사이언스
1301,014160,대영포장
1302,024800,유성티엔에스
1303,114120,크루셜텍
1304,052860,아이앤씨
1305,065560,녹원씨아이
1306,036180,영인프런티어
1307,263720,디앤씨미디어
1308,138580,비즈니스온
1309,008250,이건산업
1310,161570,미동앤씨네마
1311,115310,인포바인
1312,004410,서울식품
1313,222080,씨아이에스
1314,208350,지란지교시큐리티
1315,049430,코메론
1316,005190,동성화학
1317,040300,YTN
1318,001290,골든브릿지증권
1319,084670,동양고속
1320,004770,써니전자
1321,038680,에스넷
1322,007540,샘표
1323,106190,하이텍팜
1324,043710,서울리거
1325,039340,한국경제TV
1326,003547,대신증권2우B
1327,065940,바이오빌
1328,018290,지엠피
1329,175140,인포마크
1330,101490,에스앤에스텍
1331,123330,제닉
1332,068930,디지털대성
1333,083420,KPX그린케미칼
1334,006805,미래에셋대우우
1335,059120,아진엑스텍
1336,223310,이에스브이
1337,090370,아비스타
1338,049800,우진플라임
1339,195990,유지인트
1340,019660,글로본
1341,041520,이라이콤
1342,038460,바이오스마트
1343,003580,동원
1344,126870,뉴로스
1345,214270,퓨쳐스트림네트웍스
1346,106240,파인테크닉스
1347,112240,에스에프씨
1348,003610,방림
1349,134790,팀스
1350,037370,EG
1351,263810,상신전자
1352,187220,디티앤씨
1353,105840,우진
1354,041920,메디아나
1355,155660,DSR
1356,054040,한국컴퓨터
1357,039980,리노스
1358,037070,파세코
1359,011420,갤럭시아에스엠
1360,033110,이디
1361,008260,NI스틸
1362,001070,대한방직
1363,004270,남성
1364,047920,씨트리
1365,042110,에스씨디
1366,073110,엘엠에스
1367,066910,손오공
1368,140520,대창스틸
1369,056360,코위버
1370,036710,심텍홀딩스
1371,046120,오르비텍
1372,039290,인포뱅크
1373,059210,메타바이오메드
1374,087600,픽셀플러스
1375,046110,한일네트웍스
1376,039010,현대통신
1377,049470,SGA
1378,043100,솔고바이오
1379,118000,우리들휴브레인
1380,006570,대림통상
1381,048770,TPC
1382,032960,동일기연
1383,079650,서산
1384,018470,조일알미늄
1385,207760,미스터블루
1386,214870,에치디프로
1387,065950,웰크론
1388,076610,해성옵틱스
1389,079660,사조해표
1390,081970,넥스지
1391,079940,가비아
1392,027040,서울전자통신
1393,005860,한일사료
1394,014570,고려제약
1395,080010,이상네트웍스
1396,177350,베셀
1397,065530,전파기지국
1398,160600,에스엔텍
1399,071280,로체시스템즈
1400,196490,디에이테크놀로지
1401,060310,3S
1402,137950,제이씨케미칼
1403,024120,KB오토시스
1404,143160,아이디스
1405,000220,유유제약
1406,038070,서린바이오
1407,127710,아시아경제
1408,008970,동양철관
1409,065570,삼영이엔씨
1410,003310,대주산업
1411,013310,아진산업
1412,214680,디알텍
1413,058220,아리온
1414,069730,DSR제강
1415,049120,파인디앤씨
1416,023450,동남합성
1417,094820,일진파워
1418,089230,THE E&M
1419,006140,피제이전자
1420,033130,디지틀조선
1421,024840,갑을메탈
1422,216280,원텍
1423,136510,쎄미시스코
1424,014970,삼륭물산
1425,014580,백광소재
1426,184230,SGA솔루션즈
1427,046310,백금T&A
1428,009070,KCTC
1429,001080,만호제강
1430,123700,SJM
1431,017550,수산중공업
1432,052220,iMBC
1433,027740,마니커
1434,217620,디딤
1435,033790,스카이문스테크놀로지
1436,120240,대정화금
1437,032940,원익
1438,067900,와이엔텍
1439,083660,CSA 코스믹
1440,089010,켐트로닉스
1441,068940,아이씨케이
1442,041930,동아화성
1443,114630,우노앤컴퍼니
1444,078935,GS우
1445,006340,대원전선
1446,122690,서진오토모티브
1447,065710,서호전기
1448,187870,디바이스이엔지
1449,208140,정다운
1450,033540,파라텍
1451,217950,바이오씨앤디
1452,269620,시스웍
1453,033200,모아텍
1454,131180,딜리
1455,039420,케이엘넷
1456,000157,두산2우B
1457,024880,케이피에프
1458,064480,브리지텍
1459,056700,신화인터텍
1460,015590,대경기계
1461,025820,이구산업
1462,021040,대호피앤씨
1463,246690,티에스인베스트먼트
1464,008870,금비
1465,229000,젠큐릭스
1466,066670,디스플레이텍
1467,050540,한국코퍼레이션
1468,064820,케이프
1469,101390,아이엠
1470,092460,한라IMS
1471,025530,SJM홀딩스
1472,085670,뉴프렉스
1473,036640,HRS
1474,066110,한프
1475,053260,금강철강
1476,010040,한국내화
1477,047560,이스트소프트
1478,006920,모헨즈
1479,123040,엠에스오토텍
1480,016670,포비스티앤씨
1481,025550,한국선재
1482,045510,정원엔시스
1483,001275,부국증권우
1484,208710,바이오로그디바이스
1485,093520,매커스
1486,149980,하이로닉
1487,014190,원익큐브
1488,150440,피노텍
1489,081580,성우전자
1490,052300,W홀딩컴퍼니
1491,089850,유비벨록스
1492,091590,남화토건
1493,002140,고려산업
1494,006880,신송홀딩스
1495,014990,인디에프
1496,064290,인텍플러스
1497,214610,미코나노바이오시스
1498,142210,유니트론텍
1499,138610,나이벡
1500,119850,지엔씨에너지
1501,001020,페이퍼코리아
1502,035480,마제스타
1503,189980,흥국에프엔비
1504,046970,우리로
1505,093320,케이아이엔엑스
1506,066900,디에이피
1507,190510,나무가
1508,011330,유니켐
1509,002760,보락
1510,127120,디엔에이링크
1511,011500,한농화성
1512,017480,삼현철강
1513,088790,진도
1514,00499K,롯데지주우
1515,091340,S&K폴리텍
1516,001000,신라섬유
1517,159910,스킨앤스킨
1518,222980,한국맥널티
1519,065170,넥스트BT
1520,196450,텔루스
1521,900090,차이나하오란
1522,138070,신진에스엠
1523,099660,한솔신텍
1524,032540,TJ미디어
1525,004100,태양금속
1526,263540,샘코
1527,030350,드래곤플라이
1528,051780,큐로홀딩스
1529,051490,나라엠앤디
1530,000300,대유플러스
1531,114450,KPX생명과학
1532,221980,케이디켐
1533,006740,영풍제지
1534,096300,베트남개발1
1535,176750,듀켐바이오
1536,133820,화인베스틸
1537,019540,일지테크
1538,033830,티비씨
1539,037440,희림
1540,012280,영화금속
1541,044480,유니더스
1542,004090,한국석유
1543,078860,아이오케이
1544,037330,인지디스플레
1545,012860,서연전자
1546,054340,엔알케이
1547,141020,포티스
1548,043590,크로바하이텍
1549,094360,칩스앤미디어
1550,119650,KC코트렐
1551,036260,이매진아시아
1552,101140,아티스
1553,101240,씨큐브
1554,263800,데이타솔루션
1555,001810,무림SP
1556,044180,KD건설
1557,002200,수출포장
1558,052670,제일바이오
1559,025950,동신건설
1560,159580,제로투세븐
1561,131090,시큐브
1562,083550,케이엠
1563,197210,리드
1564,900070,글로벌에스엠
1565,050090,휘닉스소재
1566,050960,수산아이앤티
1567,090410,덕신하우징
1568,080470,성창오토텍
1569,195440,퓨전데이타
1570,076080,웰크론한텍
1571,024910,경창산업
1572,044960,이-글 벳
1573,000040,KR모터스
1574,043220,에이치엘비파워
1575,256940,케이피에스
1576,066130,하츠
1577,032980,바이온
1578,101400,엔시트론
1579,039790,위노바
1580,066590,우수AMS
1581,203400,에이비온
1582,000910,유니온
1583,154040,솔루에타
1584,170030,현대공업
1585,007610,선도전기
1586,263860,지니언스
1587,104040,대성파인텍
1588,017250,인터엠
1589,001260,남광토건
1590,136660,큐엠씨
1591,009460,한창제지
1592,095190,이엠코리아
1593,049830,승일
1594,001550,조비
1595,143540,영우디에스피
1596,094840,슈프리마에이치큐
1597,010100,한국프랜지
1598,177830,파버나인
1599,206400,엔터메이트
1600,019990,에너토크
1601,024070,WISCOM
1602,094190,이엘케이
1603,214310,세미콘라이트
1604,017000,신원종합개발
1605,045060,오공
1606,097870,효성오앤비
1607,005110,한창
1608,004830,덕성
1609,013810,스페코
1610,133750,메가엠디
1611,208860,엔지스테크널러지
1612,031860,엔에스엔
1613,099220,SDN
1614,018620,우진비앤지
1615,023350,한국종합기술
1616,205470,휴마시스
1617,054090,삼진엘앤디
1618,054630,에이디칩스
1619,001620,동국실업
1620,028080,휴맥스홀딩스
1621,046390,삼화네트웍스
1622,032750,삼진
1623,001560,제일연마
1624,043910,자연과환경
1625,007120,미래아이앤지
1626,243870,굿센
1627,215480,토박스코리아
1628,082850,우리이티아이
1629,108675,LG하우시스우
1630,900180,완리
1631,072130,유엔젤
1632,008420,문배철강
1633,053290,NE능률
1634,224110,에이텍티앤
1635,042500,링네트
1636,096040,이트론
1637,021880,메이슨캐피탈
1638,010470,오리콤
1639,219420,링크제니시스
1640,019010,그랜드백화점
1641,007370,진양제약
1642,030270,에스마크
1643,013360,일성건설
1644,131760,파인텍
1645,148140,비디아이
1646,024830,세원물산
1647,213090,미래테크놀로지
1648,090850,이지웰페어
1649,037230,한국팩키지
1650,191600,티케이씨
1651,106520,디지탈옵틱
1652,039310,세중
1653,101170,우림기계
1654,026940,부국철강
1655,033340,좋은사람들
1656,115500,케이씨에스
1657,005360,모나미
1658,046940,우원개발
1659,054220,비츠로시스
1660,037760,쎄니트
1661,002220,한일철강
1662,032680,소프트센
1663,021050,서원
1664,237750,피앤씨테크
1665,226350,아이엠텍
1666,062860,티엘아이
1667,038950,파인디지털
1668,010280,쌍용정보통신
1669,085910,네오티스
1670,059100,아이컴포넌트
1671,014130,한익스프레스
1672,092780,동양피스톤
1673,052900,KMH하이텍
1674,010600,와이비로드
1675,090080,평화산업
1676,050860,아세아텍
1677,198440,고려시멘트
1678,126880,제이엔케이히터
1679,004590,한국가구
1680,210120,빅텐츠
1681,012340,뉴인텍
1682,153490,우리이앤엘
1683,051170,썬코어
1684,060900,퍼시픽바이오
1685,215100,로보로보
1686,054540,삼영엠텍
1687,148250,알엔투테크놀로지
1688,071850,캐스텍코리아
1689,039230,폭스브레인
1690,003465,유화증권우
1691,038620,위즈코프
1692,006890,태경화학
1693,072520,태양씨앤엘
1694,053160,프리엠스
1695,096610,알에프세미
1696,066310,큐에스아이
1697,020180,대신정보통신
1698,182360,큐브엔터
1699,009730,코센
1700,039670,스포츠서울
1701,045890,DB라이텍
1702,002070,남영비비안
1703,109860,동일금속
1704,218150,미래생명자원
1705,102210,해덕파워웨이
1706,005820,원림
1707,187270,신화콘텍
1708,121850,코이즈
1709,128660,피제이메탈
1710,233250,메디안디노스틱
1711,158310,인터불스
1712,039240,경남스틸
1713,010770,평화홀딩스
1714,086670,비엠티
1715,067920,이글루시큐리티
1716,044060,조광ILI
1717,052460,아이크래프트
1718,053050,지에스이
1719,216400,바이오코아
1720,060230,이그잭스
1721,032820,우리기술
1722,066410,투윈글로벌
1723,027580,상보
1724,066790,씨씨에스
1725,000520,삼일제약
1726,000760,이화산업
1727,018700,바른손
1728,001210,금호전기
1729,002690,동일제강
1730,900110,이스트아시아홀딩스
1731,150840,인트로메딕
1732,215380,우정비에스씨
1733,023460,CNH
1734,089890,고려반도체
1735,083500,에프엔에스테크
1736,060540,에스에이티
1737,092300,현우산업
1738,263920,에스엔피월드
1739,250060,모비스
1740,214330,금호에이치티
1741,119500,포메탈
1742,089150,케이씨티
1743,008370,원풍
1744,200470,하이셈
1745,191410,육일씨엔에쓰
1746,053660,현진소재
1747,232680,라온테크
1748,048470,대동스틸
1749,010660,화천기계
1750,052190,이에스에이
1751,084180,수성
1752,060260,뉴보텍
1753,063440,에프엔씨애드컬쳐
1754,075130,플랜티넷
1755,057030,와이비엠넷
1756,226360,이엑스티
1757,234070,에이원알폼
1758,039020,이건홀딩스
1759,126640,화신정공
1760,123570,이엠넷
1761,028040,미래SCI
1762,004140,동방
1763,171010,램테크놀러지
1764,017650,대림제지
1765,011080,형지I&C
1766,033430,디에스티
1767,174880,장원테크
1768,219750,지티지웰니스
1769,024900,덕양산업
1770,176440,에이치엔티
1771,023150,MH에탄올
1772,260870,시그넷이브이
1773,178780,유테크
1774,031310,아이즈비전
1775,093230,이아이디
1776,078650,코렌
1777,258610,이더블유케이
1778,071090,하이스틸
1779,105550,트루윈
1780,023810,인팩
1781,013700,까뮤이앤씨
1782,065690,대진디엠피
1783,212560,네오오토
1784,123750,알톤스포츠
1785,203450,유니온커뮤니티
1786,238120,로고스바이오
1787,220180,핸디소프트
1788,072990,에이치시티
1789,051390,YW
1790,054940,엑사이엔씨
1791,252500,세화피앤씨
1792,054920,한컴시큐어
1793,079000,와토스코리아
1794,003010,혜인
1795,065420,에스아이리소스
1796,010240,흥국
1797,038110,에코플라스틱
1798,041020,인프라웨어
1799,155900,바다로19호
1800,005305,롯데칠성우
1801,250300,제이에스피브이
1802,002410,범양건영
1803,150900,파수닷컴
1804,145270,케이탑리츠
1805,134580,디엠티
1806,015260,에이엔피
1807,012620,원일특강
1808,124500,아이티센
1809,008800,행남자기
1810,075970,동국알앤에스
1811,013000,세우글로벌
1812,000105,유한양행우
1813,226400,오스테오닉
1814,070300,한솔시큐어
1815,035460,기산텔레콤
1816,024740,한일단조
1817,008470,부스타
1818,081150,티플랙스
1819,020120,다우인큐브
1820,006580,대양제지
1821,115480,씨유메디칼
1822,206950,볼빅
1823,068050,팬엔터테인먼트
1824,154030,아시아종묘
1825,002710,TCC동양
1826,049720,고려신용정보
1827,005320,국동
1828,032080,아즈텍WB
1829,007770,한일화학
1830,008110,대동전자
1831,019770,서연탑메탈
1832,086060,진바이오텍
1833,052600,한네트
1834,037400,우리조명
1835,042940,포워드컴퍼니스
1836,017680,데코앤이
1837,024060,흥구석유
1838,038340,UCI
1839,014910,성문전자
1840,023960,에쓰씨엔지니어링
1841,101930,인화정공
1842,192390,윈하이텍
1843,226610,한국비엔씨
1844,170790,파이오링크
1845,187790,나노
1846,073570,에이티테크놀러지
1847,065440,이루온
1848,053270,구영테크
1849,054180,중앙오션
1850,069330,유아이디
1851,044990,에이치엔에스하이텍
1852,071950,코아스
1853,100660,서암기계공업
1854,032580,피델릭스
1855,106080,알비케이이엠디
1856,115440,우리넷
1857,036480,대성미생물
1858,026260,카테아
1859,006050,국영지앤엠
1860,098120,마이크로컨텍솔
1861,014940,오리엔탈정공
1862,097800,윈팩
1863,130500,GH신소재
1864,069540,라이트론
1865,219130,타이거일렉
1866,026150,특수건설
1867,181340,이즈미디어
1868,189690,포시에스
1869,033310,디케이디앤아이
1870,056000,신스타임즈
1871,127160,매직마이크로
1872,002680,한탑
1873,039610,화성밸브
1874,049550,잉크테크
1875,082800,루미마이크로
1876,180060,탑선
1877,008775,호텔신라우
1878,104460,동양피엔에프
1879,005670,푸드웰
1880,099830,씨그널엔터테인먼트그룹
1881,030720,동원수산
1882,065500,오리엔트정공
1883,019590,엠벤처투자
1884,009190,대양금속
1885,08537M,루트로닉3우C
1886,007280,한국특수형강
1887,031820,콤텍시스템
1888,072770,네오디안테크놀로지
1889,131400,액트
1890,048830,엔피케이
1891,003720,삼영화학
1892,178600,대동고려삼
1893,035200,프럼파스트
1894,114190,웰크론강원
1895,079810,디이엔티
1896,003780,진양산업
1897,123260,사파이어테크놀로지
1898,089530,에이티세미콘
1899,006200,한국전자홀딩스
1900,094940,푸른기술
1901,100030,모바일리더
1902,109080,옵티시스
1903,002355,넥센타이어1우B
1904,229480,줌인터넷
1905,105740,디케이락
1906,090740,연이정보통신
1907,131220,대한과학
1908,003925,남양유업우
1909,011300,성안
1910,045300,성우테크론
1911,141070,맥스로텍
1912,194610,우성아이비
1913,115610,이미지스
1914,253840,수젠텍
1915,242350,피엔아이시스템
1916,109820,진매트릭스
1917,237720,케이엠제약
1918,025880,케이씨피드
1919,113810,디젠스
1920,032860,GMR 머티리얼즈
1921,002290,삼일기업공사
1922,050320,에스아이티글로벌
1923,009810,엔케이물산
1924,236030,씨알푸드
1925,054930,유신
1926,005450,신한
1927,065770,CS
1928,003680,한성기업
1929,073540,에프알텍
1930,000440,중앙에너비스
1931,072950,빛샘전자
1932,006110,삼아알미늄
1933,015020,이스타코
1934,033050,제이엠아이
1935,099340,하나니켈1호
1936,027970,세하
1937,036620,버추얼텍
1938,189860,서전기전
1939,067010,이씨에스
1940,284420,휴럼
1941,256090,패션플랫폼
1942,066430,와이오엠
1943,044380,주연테크
1944,115570,스타플렉스
1945,246250,에스엘에스바이오
1946,067730,로지시스
1947,060480,국일신동
1948,009180,한솔로지스틱스
1949,016920,카스
1950,032280,삼일
1951,054300,팬스타엔터프라이즈
1952,105330,케이엔더블유
1953,038010,제일테크노스
1954,222810,닉스테크
1955,153460,네이블
1956,033600,이젠텍
1957,242420,본느
1958,001465,BYC우
1959,079170,한창산업
1960,155960,지디
1961,087730,네패스신소재
1962,069460,대호에이엘
1963,078350,한양디지텍
1964,039740,한국정보공학
1965,000950,전방
1966,004920,씨아이테크
1967,003475,유안타증권우
1968,200580,메디쎄이
1969,058420,제이웨이
1970,196700,웹스
1971,032040,C&S자산관리
1972,093380,풍강
1973,009140,경인전자
1974,058530,크레아플래닛
1975,077280,한컴지엠디
1976,050760,에스폴리텍
1977,277880,티에스아이
1978,093640,다믈멀티미디어
1979,011390,부산산업
1980,054410,케이피티
1981,221610,한솔씨앤피
1982,082660,삼우엠스
1983,051160,지어소프트
1984,019180,티에이치엔
1985,051380,피씨디렉트
1986,145210,세화아이엠씨
1987,101670,코리아에스이
1988,205290,케미메디
1989,060380,동양에스텍
1990,005030,부산주공
1991,083470,KJ프리텍
1992,002025,코오롱우
1993,172580,하이골드12호
1994,057880,토필드
1995,204210,모두투어리츠
1996,234100,세원
1997,094860,코닉글로리
1998,002420,세기상사
1999,189330,씨이랩
2000,140890,트러스제7호
2001,217880,틸론
2002,010420,한솔PNS
2003,010580,지코
2004,122800,썬텍
2005,202960,판도라티비
2006,228180,티씨엠생명과학
2007,078940,일경산업개발
2008,138360,에이씨티
2009,008500,일정실업
2010,043260,성호전자
2011,070590,한솔인티큐브
2012,044780,에이치케이
2013,045340,토탈소프트
2014,023440,제일제강
2015,015540,메디플란트
2016,217190,제너셈
2017,024850,피에스엠씨
2018,043360,디지아이
2019,182690,테라셈
2020,004365,세방우
2021,134060,이퓨쳐
2022,002870,신풍제지
2023,073010,케이에스피
2024,230980,솔트웍스
2025,109070,KGP
2026,023790,동일철강
2027,279600,미디어젠
2028,126340,비나텍
2029,051630,진양화학
2030,153360,하이골드3호
2031,078590,두올산업
2032,232270,케이비제9호스팩
2033,066830,제노텍
2034,024940,PN풍년
2035,058110,멕아이씨에스
2036,073640,삼원테크
2037,029480,바른테크놀로지
2038,119830,아이텍반도체
2039,281310,바이오시네틱스
2040,001420,태원물산
2041,267060,명진홀딩스
2042,058450,일야
2043,012600,청호컴넷
2044,285770,라이프사이언스테크놀로지
2045,086220,네추럴FNP
2046,236340,메디젠휴먼케어
2047,088290,이원컴포텍
2048,080580,오킨스전자
2049,025890,한국주강
2050,183350,엘피케이
2051,099410,동방선기
2052,130740,티피씨글로벌
2053,167380,나무기술
2054,038530,골드퍼시픽
2055,090150,광진윈텍
2056,076340,관악산업
2057,073190,디비케이
2058,221800,유투바이오
2059,215050,비엔디생활건강
2060,270660,에브리봇
2061,121890,에스디시스템
2062,011230,삼화전자
2063,221670,주노콜렉션
2064,284610,탈모닷컴
2065,021650,한국큐빅
2066,251280,안지오랩
2067,232530,이엠티
2068,033250,체시스
2069,098660,에스티오
2070,139670,넥스트리밍
2071,149010,아이케이세미콘
2072,019570,제미니투자
2073,023770,플레이위드
2074,096870,엘디티
2075,025870,신라에스지
2076,067770,세진티에스
2077,069140,누리플랜
2078,224760,엔에스컴퍼니
2079,009620,삼보산업
2080,240340,인터코스
2081,096350,대창솔루션
2082,005257,녹십자홀딩스2우
2083,019490,하이트론
2084,224880,SGA임베디드
2085,258540,스템랩
2086,131100,리켐
2087,013720,청보산업
2088,064850,에프앤가이드
2089,062580,인산가
2090,091440,텔레필드
2091,004135,대덕GDS우
2092,026910,광진실업
2093,107640,한중엔시에스
2094,186230,그린플러스
2095,080440,에스제이케이
2096,007530,영신금속
2097,238500,로보쓰리
2098,225220,제놀루션
2099,001770,신화실업
2100,222390,케이비제8호스팩
2101,000087,하이트진로2우B
2102,115530,씨엔플러스
2103,226850,키움스팩4호
2104,212310,휴벡셀
2105,089790,제이티
2106,103230,에스앤더블류
2107,099520,ITX엠투엠
2108,008830,대동기어
2109,053060,세동
2110,087220,스틸플라워
2111,123010,옵토팩
2112,020400,대동금속
2113,239890,피엔에이치테크
2114,140290,청광종건
2115,258250,피시피아비아이티
2116,138290,지성이씨에스
2117,005725,넥센우
2118,145995,삼양사우
2119,009835,한화케미칼우
2120,101680,한국정밀기계
2121,225850,미애부
2122,047440,레이젠
2123,116100,태양기계
2124,080530,코디
2125,001685,대상우
2126,140910,에이리츠
2127,266870,플렉스파워에이더블유에스
2128,135160,지오씨
2129,000075,삼양홀딩스우
2130,217320,썬테크
2131,003495,대한항공우
2132,051980,넥스트바이오홀딩스
2133,215570,크로넥스
2134,222160,바이옵트로
2135,224810,엄지하우스
2136,010640,진양폴리
2137,112190,KC산업
2138,230240,하나금융7호스팩
2139,001140,국보
2140,245450,씨앤에스링크
2141,159650,하이골드8호
2142,114920,대주이엔티
2143,273060,엔에이치스팩12호
2144,251960,엠에프엠코리아
2145,227950,골든브릿지제4호스팩
2146,007815,코리아써우
2147,197140,디지캡
2148,251540,에스와이제이
2149,252370,유쎌
2150,271850,다이오진
2151,001515,SK증권우
2152,219860,한화에이스스팩2호
2153,242040,교보비엔케이스팩
2154,221950,케이비드림3호스팩
2155,256840,엔에이치스팩11호
2156,256630,엔에이치스팩10호
2157,004255,NPC우
2158,086250,화신테크
2159,260970,에스앤디
2160,221200,유진스팩3호
2161,120780,전우정밀
2162,218710,키움스팩3호
2163,002005,한국유리우
2164,009415,태영건설우
2165,219960,유안타제2호스팩
2166,226340,에이치엠씨3호스팩
2167,230400,자비스
2168,058970,엠로
2169,199290,바이오프로테크
2170,223220,구름게임즈앤컴퍼니
2171,215750,미래에셋제3호스팩
2172,245030,스페이스솔루션
2173,278990,에프엠에스
2174,173130,오파스넷
2175,241510,이에스산업
2176,277480,신한제4호스팩
2177,225860,엠앤씨생명과학
2178,004415,서울식품우
2179,103660,씨앗
2180,004105,태양금속우
2181,007575,일양약품우
2182,003535,한화투자증권우
2183,270210,에스알바이오텍
2184,086460,에스엔피제네틱스
2185,200350,래몽래인
2186,215090,유진에이씨피씨스팩2호
2187,148780,비플라이소프트
2188,223040,교보5호스팩
2189,240540,한국4호스팩
2190,222670,플럼라인생명과학
2191,019175,신풍제약우
2192,211050,인카금융서비스
2193,230490,동부제4호스팩
2194,000885,한화우
2195,250930,케이비제10호스팩
2196,225590,신영스팩2호
2197,121060,유니포인트
2198,199870,세기리텍
2199,219580,골든브릿지제3호스팩
2200,262830,대신밸런스제4호스팩
2201,235010,하이에이아이1호스팩
2202,217810,엔에이치스팩7호
2203,265480,미래에셋대우스팩1호
2204,217500,하이제3호스팩
2205,239340,미래에셋제5호스팩
2206,140660,위월드
2207,281740,동부스팩5호
2208,199150,데이터스트림즈
2209,220110,드림티엔터테인먼트
2210,270520,하나금융10호스팩
2211,226440,동부스팩3호
2212,208850,이비테크
2213,001795,대한제당우
2214,254120,IBKS제5호스팩
2215,270020,두원석재
2216,225430,IBKS제3호스팩
2217,281410,한국제6호스팩
2218,265920,한화수성스팩
2219,266170,뿌리깊은나무들
2220,264850,IBKS제6호스팩
2221,261200,하나금융9호스팩
2222,225440,이베스트스팩3호
2223,005745,크라운해태홀딩스우
2224,267320,교보7호스팩
2225,083380,동북아13호
2226,271740,한국제5호스팩
2227,083370,동북아12호
2228,099350,하나니켈2호
2229,247300,인프라웨어테크놀러지
2230,000225,유유제약1우
2231,158300,에스에이티이엔지
2232,26490K,크라운제과우
2233,276920,IBKS제7호스팩
2234,232330,SK3호스팩
2235,257730,신한제3호스팩
2236,014825,동원시스템즈우
2237,279410,한화에이스스팩4호
2238,18064K,한진칼우
2239,235090,씨케이컴퍼니
2240,002995,금호산업우
2241,244880,나눔테크
2242,258790,케이비제11호스팩
2243,084695,대상홀딩스우
2244,264290,한화에이스스팩3호
2245,001745,SK네트웍스우
2246,006345,대원전선우
2247,004545,깨끗한나라우
2248,001525,동양우
2249,021045,대호피앤씨우
2250,162120,루켄테크놀러지스
2251,263770,신영스팩3호
2252,084440,유비온
2253,003075,코오롱글로벌우
2254,092590,럭스피아
2255,011155,CJ씨푸드1우
2256,012205,계양전기우
2257,232830,시큐센
2258,185190,수프로
2259,004565,현대비앤지스틸우
2260,009275,신원우
2261,003415,쌍용양회우
2262,246830,시냅스엠
2263,189540,씨티네트웍스
2264,101360,이엔드디
2265,210610,소프트캠프
2266,277410,IBKS제8호스팩
2267,014915,성문전자우
2268,000725,현대건설우
2269,001755,한양증권우
2270,000145,하이트진로홀딩스우
2271,189350,코셋
2272,010145,삼성중공우
2273,014285,금강공업우
2274,001065,JW중외제약우
2275,00781K,코리아써키트2우B
2276,016385,동부제철우
2277,090355,노루페인트우
2278,000995,DB하이텍1우
2279,227420,오백볼트
2280,004835,덕성우
2281,000545,흥국화재우
2282,005965,동부건설우
2283,135270,세종머티리얼즈
2284,000325,노루홀딩스우
2285,004985,성신양회우
2286,001067,JW중외제약2우B
2287,224020,에스케이씨에스
2288,179720,옐로페이
2289,000547,흥국화재2우B
2290,271400,알로이스
2291,032685,소프트센우
2292,001527,동양2우B
2293,208890,에듀케이션파트너
2294,000227,유유제약2우B
2295,001799,대한제당3우B
2296,013367,일성건설2우B
2297,008355,남선알미우
2298,002785,진흥기업우B
2299,252940,에스엠로보틱스
2300,267810,앙츠
2301,272420,극동자동화
2302,004989,성신양회3우B
2303,004987,성신양회2우B
2304,002787,진흥기업2우B
2305,001529,동양3우B
2306,183410,데카시스템
2307,091270,유디피
2308,242850,영현무역
2309,110660,세신버팔로
2310,144740,피엠디아카데미
