Date,GM,KO,005930.KS,000660.KS
2013-01-02,29.1299991607666,37.599998474121094,31520.0,26600.0
2013-01-03,29.81999969482422,37.599998474121094,30860.0,26650.0
2013-01-04,29.860000610351562,37.65999984741211,30500.0,26350.0
2013-01-07,29.65999984741211,37.29999923706055,30400.0,25900.0
2013-01-08,29.3700008392334,37.040000915527344,30000.0,26250.0
2013-01-09,29.969999313354492,37.029998779296875,30000.0,26050.0
2013-01-10,30.440000534057617,36.959999084472656,30600.0,26800.0
2013-01-11,30.360000610351562,36.90999984741211,30660.0,27100.0
2013-01-14,30.329999923706055,36.9900016784668,31040.0,26950.0
2013-01-15,30.600000381469727,37.31999969482422,30240.0,25950.0
2013-01-16,29.309999465942383,37.31999969482422,29840.0,26200.0
2013-01-17,29.489999771118164,37.5099983215332,29380.0,25900.0
2013-01-18,29.280000686645508,37.70000076293945,29600.0,25600.0
2013-01-21,29.280000686645508,37.70000076293945,29080.0,25750.0
2013-01-22,28.6299991607666,37.130001068115234,29600.0,25050.0
2013-01-23,28.56999969482422,37.130001068115234,29460.0,24650.0
2013-01-24,28.780000686645508,37.11000061035156,29060.0,24250.0
2013-01-25,29.06999969482422,37.04999923706055,28340.0,24200.0
2013-01-28,28.829999923706055,37.0099983215332,27440.0,24400.0
2013-01-29,28.450000762939453,37.41999816894531,28180.0,24200.0
2013-01-30,27.940000534057617,37.5,28800.0,24350.0
2013-01-31,28.09000015258789,37.2400016784668,28960.0,24400.0
2013-02-01,28.170000076293945,37.540000915527344,28820.0,24200.0
2013-02-04,27.959999084472656,37.349998474121094,28740.0,24300.0
2013-02-05,28.59000015258789,38.13999938964844,28700.0,23700.0
2013-02-06,28.520000457763672,38.310001373291016,28540.0,24500.0
2013-02-07,28.469999313354492,38.90999984741211,28400.0,24850.0
2013-02-08,28.56999969482422,38.77000045776367,29240.0,24750.0
2013-02-11,28.530000686645508,38.61000061035156,29240.0,24750.0
2013-02-12,28.549999237060547,37.560001373291016,29360.0,25000.0
2013-02-13,28.670000076293945,37.209999084472656,29740.0,25500.0
2013-02-14,27.75,36.84000015258789,29800.0,25700.0
2013-02-15,27.760000228881836,37.41999816894531,29960.0,25650.0
2013-02-18,27.760000228881836,37.41999816894531,29800.0,25900.0
2013-02-19,27.68000030517578,37.66999816894531,29840.0,25850.0
2013-02-20,27.100000381469727,37.72999954223633,30900.0,26500.0
2013-02-21,26.510000228881836,37.709999084472656,31000.0,26600.0
2013-02-22,27.110000610351562,38.52000045776367,30600.0,26400.0
2013-02-25,26.329999923706055,37.720001220703125,30600.0,26300.0
2013-02-26,26.829999923706055,38.11000061035156,30540.0,26550.0
2013-02-27,27.399999618530273,38.45000076293945,30540.0,26250.0
2013-02-28,27.149999618530273,38.720001220703125,30880.0,26500.0
2013-03-01,27.209999084472656,38.70000076293945,30880.0,26500.0
2013-03-04,27.09000015258789,38.81999969482422,30780.0,26000.0
2013-03-05,27.579999923706055,38.68000030517578,31000.0,27000.0
2013-03-06,27.90999984741211,39.02000045776367,31200.0,28000.0
2013-03-07,27.8799991607666,39.119998931884766,30400.0,28150.0
2013-03-08,28.0,39.220001220703125,29980.0,28250.0
2013-03-11,28.309999465942383,39.310001373291016,30160.0,28600.0
2013-03-12,28.3700008392334,38.959999084472656,29880.0,28100.0
2013-03-13,28.06999969482422,38.59000015258789,30540.0,28300.0
2013-03-14,28.15999984741211,39.02000045776367,30400.0,28900.0
2013-03-15,28.209999084472656,38.83000183105469,29600.0,28800.0
2013-03-18,28.040000915527344,38.7599983215332,28900.0,28400.0
2013-03-19,28.100000381469727,39.33000183105469,29500.0,28650.0
2013-03-20,29.200000762939453,39.869998931884766,29200.0,28600.0
2013-03-21,28.6299991607666,40.06999969482422,29140.0,28050.0
2013-03-22,28.219999313354492,40.040000915527344,29100.0,28300.0
2013-03-25,28.15999984741211,40.119998931884766,29900.0,29050.0
2013-03-26,28.149999618530273,40.689998626708984,30180.0,29500.0
2013-03-27,28.059999465942383,40.220001220703125,30080.0,29450.0
2013-03-28,27.81999969482422,40.439998626708984,30200.0,29250.0
2013-03-29,27.81999969482422,40.439998626708984,30540.0,28750.0
2013-04-01,27.799999237060547,40.45000076293945,30240.0,28650.0
2013-04-02,27.93000030517578,40.720001220703125,30500.0,28400.0
2013-04-03,27.799999237060547,40.16999816894531,30420.0,28900.0
2013-04-04,27.739999771118164,40.540000915527344,30120.0,29200.0
2013-04-05,27.520000457763672,40.08000183105469,30100.0,28550.0
2013-04-08,27.59000015258789,40.86000061035156,30400.0,27900.0
2013-04-09,27.530000686645508,40.709999084472656,30560.0,27800.0
2013-04-10,28.3700008392334,41.06999969482422,30420.0,27950.0
2013-04-11,29.719999313354492,41.18000030517578,30800.0,29000.0
2013-04-12,29.6200008392334,41.08000183105469,30340.0,28800.0
2013-04-15,28.90999984741211,40.09000015258789,30460.0,29150.0
2013-04-16,29.469999313354492,42.369998931884766,30560.0,29100.0
2013-04-17,29.270000457763672,42.54999923706055,30360.0,28750.0
2013-04-18,28.979999542236328,42.099998474121094,29660.0,27900.0
2013-04-19,29.149999618530273,42.65999984741211,29500.0,28800.0
2013-04-22,29.25,42.720001220703125,30060.0,29000.0
2013-04-23,29.850000381469727,42.70000076293945,29660.0,28850.0
2013-04-24,30.450000762939453,42.150001525878906,29720.0,29100.0
2013-04-25,30.709999084472656,42.349998474121094,29880.0,29500.0
2013-04-26,30.5,42.099998474121094,29720.0,29450.0
2013-04-29,30.790000915527344,42.2400016784668,29620.0,29550.0
2013-04-30,30.84000015258789,42.33000183105469,30400.0,29900.0
2013-05-01,30.18000030517578,42.209999084472656,30400.0,29900.0
2013-05-02,31.15999984741211,41.959999084472656,30560.0,29450.0
2013-05-03,32.099998474121094,42.2400016784668,30700.0,29550.0
2013-05-06,31.81999969482422,42.08000183105469,30280.0,28900.0
2013-05-07,31.649999618530273,42.70000076293945,29860.0,28600.0
2013-05-08,32.08000183105469,42.459999084472656,29760.0,28550.0
2013-05-09,31.649999618530273,42.119998931884766,30300.0,29050.0
2013-05-10,31.420000076293945,42.150001525878906,29520.0,29100.0
2013-05-13,31.0,42.189998626708984,29540.0,29100.0
2013-05-14,31.549999237060547,42.52000045776367,30000.0,29500.0
2013-05-15,32.310001373291016,42.91999816894531,30000.0,29750.0
2013-05-16,32.38999938964844,43.09000015258789,30160.0,30050.0
2013-05-17,33.41999816894531,42.970001220703125,30160.0,30050.0
2013-05-20,33.70000076293945,42.380001068115234,29940.0,30700.0
2013-05-21,33.400001525878906,42.34000015258789,29840.0,30600.0
2013-05-22,33.22999954223633,42.25,30180.0,31300.0
2013-05-23,32.849998474121094,41.93000030517578,29680.0,31400.0
2013-05-24,32.869998931884766,42.2400016784668,29720.0,31400.0
2013-05-27,32.869998931884766,42.2400016784668,29780.0,31400.0
2013-05-28,33.959999084472656,42.54999923706055,29680.0,31400.0
2013-05-29,34.04999923706055,41.400001525878906,30240.0,32000.0
2013-05-30,34.63999938964844,40.77000045776367,30880.0,31850.0
2013-05-31,33.88999938964844,39.9900016784668,30760.0,32200.0
2013-06-03,34.41999816894531,40.810001373291016,30640.0,31900.0
2013-06-04,34.959999084472656,41.41999816894531,30800.0,32250.0
2013-06-05,34.02000045776367,40.650001525878906,30420.0,31150.0
2013-06-06,34.439998626708984,40.790000915527344,30420.0,31150.0
2013-06-07,35.029998779296875,41.40999984741211,28540.0,31100.0
2013-06-10,34.7400016784668,41.18000030517578,28500.0,32650.0
2013-06-11,33.93000030517578,40.790000915527344,27780.0,32500.0
2013-06-12,33.45000076293945,40.38999938964844,27700.0,32350.0
2013-06-13,34.5,40.40999984741211,27140.0,32050.0
2013-06-14,34.290000915527344,40.34000015258789,27380.0,31500.0
2013-06-17,33.72999954223633,40.68000030517578,27320.0,30450.0
2013-06-18,34.0099983215332,40.93000030517578,27740.0,31750.0
2013-06-19,33.65999984741211,40.40999984741211,27380.0,31900.0
2013-06-20,32.560001373291016,39.130001068115234,26580.0,31050.0
2013-06-21,32.209999084472656,39.7599983215332,26500.0,30800.0
2013-06-24,31.420000076293945,39.529998779296875,26260.0,29750.0
2013-06-25,31.81999969482422,39.720001220703125,25940.0,29500.0
2013-06-26,32.54999923706055,40.33000183105469,25220.0,30250.0
2013-06-27,33.099998474121094,40.2599983215332,26780.0,30650.0
2013-06-28,33.310001373291016,40.11000061035156,26840.0,31200.0
2013-07-01,34.0,40.459999084472656,26520.0,31550.0
2013-07-02,34.099998474121094,40.369998931884766,26700.0,28800.0
2013-07-03,34.13999938964844,40.4900016784668,26020.0,28750.0
2013-07-04,34.13999938964844,40.4900016784668,26340.0,28750.0
2013-07-05,34.66999816894531,40.52000045776367,25340.0,28400.0
2013-07-08,34.63999938964844,40.540000915527344,24520.0,27800.0
2013-07-09,34.91999816894531,40.83000183105469,24740.0,28350.0
2013-07-10,35.33000183105469,40.68000030517578,24960.0,27500.0
2013-07-11,36.13999938964844,41.029998779296875,26240.0,28400.0
2013-07-12,36.400001525878906,41.029998779296875,26240.0,28500.0
2013-07-15,36.5,41.0099983215332,26260.0,28450.0
2013-07-16,36.18000030517578,40.22999954223633,25960.0,28450.0
2013-07-17,36.36000061035156,40.84000015258789,26400.0,28600.0
2013-07-18,36.84000015258789,40.810001373291016,25840.0,29200.0
2013-07-19,36.61000061035156,41.09000015258789,25460.0,28400.0
2013-07-22,36.7599983215332,40.84000015258789,25460.0,28000.0
2013-07-23,36.61000061035156,40.959999084472656,26140.0,28200.0
2013-07-24,37.13999938964844,40.86000061035156,26300.0,28550.0
2013-07-25,37.08000183105469,40.84000015258789,26300.0,28600.0
2013-07-26,36.66999816894531,40.63999938964844,26060.0,28150.0
2013-07-29,36.380001068115234,40.279998779296875,25660.0,27000.0
2013-07-30,36.5,40.31999969482422,25800.0,27100.0
2013-07-31,35.869998931884766,40.08000183105469,25600.0,27200.0
2013-08-01,36.470001220703125,40.56999969482422,25600.0,27400.0
2013-08-02,36.95000076293945,40.220001220703125,25720.0,27450.0
2013-08-05,36.75,40.290000915527344,25480.0,27400.0
2013-08-06,35.959999084472656,40.369998931884766,25080.0,27550.0
2013-08-07,35.47999954223633,40.150001525878906,24440.0,26550.0
2013-08-08,36.0099983215332,40.20000076293945,24340.0,26200.0
2013-08-09,36.02000045776367,40.15999984741211,24600.0,26650.0
2013-08-12,35.97999954223633,39.83000183105469,24640.0,27000.0
2013-08-13,35.84000015258789,39.650001525878906,25800.0,28300.0
2013-08-14,35.56999969482422,39.529998779296875,26000.0,29150.0
2013-08-15,34.54999923706055,39.09000015258789,26000.0,29150.0
2013-08-16,34.380001068115234,39.04999923706055,25900.0,28700.0
2013-08-19,34.4900016784668,38.779998779296875,25720.0,28550.0
2013-08-20,34.790000915527344,38.650001525878906,25380.0,28500.0
2013-08-21,34.529998779296875,38.279998779296875,25120.0,28200.0
2013-08-22,34.9900016784668,38.310001373291016,25100.0,28050.0
2013-08-23,35.060001373291016,38.52000045776367,25900.0,28500.0
2013-08-26,34.91999816894531,38.119998931884766,26000.0,28350.0
2013-08-27,33.689998626708984,38.150001525878906,26080.0,27950.0
2013-08-28,33.91999816894531,38.349998474121094,26180.0,27700.0
2013-08-29,34.45000076293945,38.099998474121094,26880.0,27450.0
2013-08-30,34.08000183105469,38.18000030517578,27360.0,28250.0
2013-09-02,34.08000183105469,38.18000030517578,27020.0,28300.0
2013-09-03,34.13999938964844,37.900001525878906,26740.0,28450.0
2013-09-04,35.849998474121094,38.540000915527344,26800.0,28650.0
2013-09-05,36.33000183105469,38.2400016784668,27300.0,28150.0
2013-09-06,36.150001525878906,38.349998474121094,27380.0,27100.0
2013-09-09,36.47999954223633,38.52000045776367,27460.0,28450.0
2013-09-10,37.0,38.630001068115234,27920.0,28950.0
2013-09-11,36.349998474121094,38.779998779296875,28040.0,28900.0
2013-09-12,36.369998931884766,38.439998626708984,28200.0,28900.0
2013-09-13,36.060001373291016,38.689998626708984,28120.0,29000.0
2013-09-16,36.220001220703125,38.86000061035156,28500.0,29800.0
2013-09-17,36.709999084472656,38.790000915527344,27720.0,30300.0
2013-09-18,37.58000183105469,39.59000015258789,27720.0,30300.0
2013-09-19,37.22999954223633,39.310001373291016,27720.0,30300.0
2013-09-20,36.83000183105469,39.400001525878906,27720.0,30300.0
2013-09-23,37.130001068115234,38.630001068115234,27200.0,30550.0
2013-09-24,37.439998626708984,38.529998779296875,27460.0,30500.0
2013-09-25,37.18000030517578,38.33000183105469,27280.0,29750.0
2013-09-26,36.95000076293945,38.7400016784668,27440.0,30350.0
2013-09-27,36.369998931884766,38.400001525878906,27320.0,30350.0
2013-09-30,35.970001220703125,37.880001068115234,27340.0,30250.0
2013-10-01,35.90999984741211,37.95000076293945,27640.0,29950.0
2013-10-02,35.939998626708984,37.43000030517578,28360.0,31150.0
2013-10-03,35.290000915527344,37.15999984741211,28360.0,31150.0
2013-10-04,35.70000076293945,37.20000076293945,28360.0,32450.0
2013-10-07,35.18000030517578,37.04999923706055,28720.0,32900.0
2013-10-08,34.209999084472656,37.279998779296875,28600.0,32750.0
2013-10-09,34.15999984741211,37.08000183105469,28600.0,32750.0
2013-10-10,34.849998474121094,37.779998779296875,28600.0,33600.0
2013-10-11,35.349998474121094,37.77000045776367,28860.0,33350.0
2013-10-14,35.33000183105469,37.90999984741211,28760.0,33100.0
2013-10-15,34.70000076293945,37.65999984741211,29140.0,33450.0
2013-10-16,35.130001068115234,38.0,29000.0,33400.0
2013-10-17,35.65999984741211,38.54999923706055,29260.0,33800.0
2013-10-18,35.88999938964844,38.779998779296875,29440.0,34600.0
2013-10-21,35.5,38.81999969482422,29280.0,34100.0
2013-10-22,35.40999984741211,39.09000015258789,29100.0,32600.0
2013-10-23,35.04999923706055,39.09000015258789,28840.0,32500.0
2013-10-24,35.630001068115234,38.79999923706055,28980.0,33100.0
2013-10-25,35.59000015258789,39.029998779296875,28980.0,32600.0
2013-10-28,35.79999923706055,39.61000061035156,29640.0,33100.0
2013-10-29,36.060001373291016,39.79999923706055,29800.0,31950.0
2013-10-30,37.22999954223633,39.619998931884766,30000.0,32850.0
2013-10-31,36.95000076293945,39.56999969482422,29300.0,31950.0
2013-11-01,37.38999938964844,39.61000061035156,30000.0,33250.0
2013-11-04,37.470001220703125,39.5099983215332,29980.0,33050.0
2013-11-05,37.09000015258789,39.5,29700.0,32550.0
2013-11-06,36.59000015258789,40.04999923706055,29020.0,32500.0
2013-11-07,35.91999816894531,39.83000183105469,28740.0,32350.0
2013-11-08,36.65999984741211,40.04999923706055,28200.0,32250.0
2013-11-11,36.68000030517578,39.869998931884766,28560.0,31500.0
2013-11-12,36.65999984741211,39.880001068115234,29120.0,31950.0
2013-11-13,38.439998626708984,40.119998931884766,28380.0,31550.0
2013-11-14,38.5,40.209999084472656,28480.0,32300.0
2013-11-15,38.77000045776367,40.220001220703125,29240.0,33700.0
2013-11-18,38.56999969482422,40.16999816894531,29480.0,33750.0
2013-11-19,38.0099983215332,40.13999938964844,29780.0,33450.0
2013-11-20,37.689998626708984,40.060001373291016,29400.0,32500.0
2013-11-21,38.119998931884766,40.43000030517578,28800.0,32050.0
2013-11-22,37.630001068115234,40.43000030517578,29000.0,32400.0
2013-11-25,37.54999923706055,40.369998931884766,29300.0,33250.0
2013-11-26,37.66999816894531,40.25,29580.0,33600.0
2013-11-27,38.849998474121094,40.189998626708984,29400.0,34600.0
2013-11-28,38.849998474121094,40.189998626708984,29880.0,35450.0
2013-11-29,38.72999954223633,40.189998626708984,29880.0,35400.0
2013-12-02,39.11000061035156,40.08000183105469,29340.0,35700.0
2013-12-03,38.13999938964844,40.349998474121094,29220.0,34700.0
2013-12-04,38.709999084472656,40.369998931884766,28640.0,34800.0
2013-12-05,39.09000015258789,39.83000183105469,28800.0,34250.0
2013-12-06,40.16999816894531,40.459999084472656,28560.0,35500.0
2013-12-09,40.900001525878906,40.400001525878906,29080.0,36350.0
2013-12-10,40.400001525878906,39.849998474121094,28800.0,36500.0
2013-12-11,40.15999984741211,40.130001068115234,28400.0,36800.0
2013-12-12,40.04999923706055,39.209999084472656,28200.0,36450.0
2013-12-13,40.040000915527344,39.22999954223633,27800.0,36500.0
2013-12-16,41.439998626708984,39.27000045776367,28000.0,37150.0
2013-12-17,41.529998779296875,39.099998474121094,27900.0,36600.0
2013-12-18,41.27000045776367,40.02000045776367,28020.0,35550.0
2013-12-19,40.29999923706055,39.86000061035156,28540.0,34900.0
2013-12-20,40.9900016784668,40.040000915527344,28540.0,35300.0
2013-12-23,41.290000915527344,40.15999984741211,28660.0,37000.0
2013-12-24,40.880001068115234,40.189998626708984,28300.0,36750.0
2013-12-26,41.52000045776367,40.4900016784668,28160.0,36000.0
2013-12-27,40.939998626708984,40.65999984741211,27920.0,36650.0
2013-12-30,40.689998626708984,41.09000015258789,27440.0,36800.0
2013-12-31,40.869998931884766,41.310001373291016,27440.0,36800.0
2014-01-02,40.95000076293945,40.65999984741211,26180.0,35550.0
2014-01-03,39.56999969482422,40.459999084472656,25920.0,36300.0
2014-01-06,40.400001525878906,40.27000045776367,26140.0,37650.0
2014-01-07,40.20000076293945,40.38999938964844,26080.0,37800.0
2014-01-08,40.41999816894531,39.939998626708984,25820.0,39000.0
2014-01-09,40.4900016784668,39.72999954223633,25500.0,38850.0
2014-01-10,40.029998779296875,40.130001068115234,25440.0,38500.0
2014-01-13,39.58000183105469,39.529998779296875,25900.0,38150.0
2014-01-14,40.02000045776367,39.689998626708984,26260.0,38400.0
2014-01-15,39.380001068115234,39.7599983215332,25980.0,36650.0
2014-01-16,39.0,39.709999084472656,26020.0,36550.0
2014-01-17,38.599998474121094,39.279998779296875,25840.0,36000.0
2014-01-20,38.599998474121094,39.279998779296875,26320.0,36850.0
2014-01-21,38.34000015258789,39.91999816894531,26480.0,36400.0
2014-01-22,38.79999923706055,39.900001525878906,26560.0,36300.0
2014-01-23,38.41999816894531,39.2400016784668,25980.0,35400.0
2014-01-24,36.83000183105469,38.84000015258789,26140.0,35900.0
2014-01-27,36.7599983215332,38.72999954223633,25840.0,35250.0
2014-01-28,36.810001373291016,38.869998931884766,25660.0,36800.0
2014-01-29,36.349998474121094,37.900001525878906,25600.0,37850.0
2014-01-30,36.84000015258789,38.16999816894531,25600.0,37850.0
2014-01-31,36.08000183105469,37.81999969482422,25600.0,37850.0
2014-02-03,35.25,37.20000076293945,25440.0,37950.0
2014-02-04,35.81999969482422,37.47999954223633,24980.0,36500.0
2014-02-05,35.2400016784668,37.61000061035156,24740.0,36650.0
2014-02-06,35.22999954223633,38.029998779296875,25180.0,38600.0
2014-02-07,36.11000061035156,37.95000076293945,25500.0,39300.0
2014-02-10,34.900001525878906,38.56999969482422,25540.0,39000.0
2014-02-11,35.25,38.63999938964844,26220.0,39000.0
2014-02-12,35.560001373291016,38.5099983215332,26140.0,39850.0
2014-02-13,35.20000076293945,38.650001525878906,25960.0,39900.0
2014-02-14,35.95000076293945,38.93000030517578,26020.0,39050.0
2014-02-17,35.95000076293945,38.93000030517578,25700.0,38700.0
2014-02-18,36.310001373291016,37.470001220703125,25900.0,38800.0
2014-02-19,36.029998779296875,37.099998474121094,25800.0,39150.0
2014-02-20,36.5099983215332,37.29999923706055,25720.0,38800.0
2014-02-21,36.689998626708984,37.18000030517578,26600.0,39300.0
2014-02-24,36.54999923706055,37.5,26560.0,38850.0
2014-02-25,36.099998474121094,37.77000045776367,26680.0,38650.0
2014-02-26,36.83000183105469,37.869998931884766,26840.0,39250.0
2014-02-27,36.77000045776367,38.06999969482422,26820.0,39500.0
2014-02-28,36.20000076293945,38.20000076293945,26980.0,38750.0
2014-03-03,36.209999084472656,38.119998931884766,26500.0,38950.0
2014-03-04,36.93000030517578,38.310001373291016,26300.0,38950.0
2014-03-05,37.52000045776367,38.349998474121094,26600.0,39450.0
2014-03-06,37.540000915527344,38.470001220703125,26520.0,39100.0
2014-03-07,37.689998626708984,38.54999923706055,26780.0,38550.0
2014-03-10,37.09000015258789,38.650001525878906,26400.0,37700.0
2014-03-11,35.18000030517578,38.79999923706055,26440.0,37750.0
2014-03-12,34.86000061035156,38.470001220703125,25880.0,37400.0
2014-03-13,34.09000015258789,37.970001220703125,25800.0,38050.0
2014-03-14,34.09000015258789,38.16999816894531,25500.0,37950.0
2014-03-17,34.630001068115234,38.27000045776367,25320.0,36700.0
2014-03-18,35.16999816894531,38.400001525878906,25560.0,36350.0
2014-03-19,34.90999984741211,38.13999938964844,25380.0,37000.0
2014-03-20,35.2599983215332,38.45000076293945,25240.0,36950.0
2014-03-21,35.0099983215332,38.439998626708984,25460.0,38700.0
2014-03-24,35.13999938964844,38.400001525878906,25460.0,38150.0
2014-03-25,34.5099983215332,38.619998931884766,24940.0,37600.0
2014-03-26,34.220001220703125,38.61000061035156,25700.0,38400.0
2014-03-27,34.5099983215332,38.81999969482422,26660.0,37700.0
2014-03-28,34.72999954223633,38.95000076293945,26700.0,37050.0
2014-03-31,34.41999816894531,38.65999984741211,26860.0,36000.0
2014-04-01,34.34000015258789,38.40999984741211,26780.0,37000.0
2014-04-02,34.880001068115234,38.33000183105469,27140.0,37050.0
2014-04-03,35.439998626708984,38.06999969482422,27800.0,36550.0
2014-04-04,34.810001373291016,38.220001220703125,27600.0,37250.0
2014-04-07,34.11000061035156,38.619998931884766,27940.0,37000.0
2014-04-08,34.529998779296875,38.900001525878906,27880.0,36750.0
2014-04-09,33.619998931884766,38.9900016784668,27420.0,37650.0
2014-04-10,33.29999923706055,38.88999938964844,27600.0,37700.0
2014-04-11,31.93000030517578,38.630001068115234,27300.0,37050.0
2014-04-14,32.54999923706055,38.72999954223633,27400.0,36900.0
2014-04-15,33.36000061035156,40.18000030517578,27400.0,37400.0
2014-04-16,33.970001220703125,40.59000015258789,27600.0,37650.0
2014-04-17,33.97999954223633,40.720001220703125,27400.0,38050.0
2014-04-18,33.97999954223633,40.720001220703125,27560.0,39200.0
2014-04-21,33.97999954223633,40.75,27600.0,39400.0
2014-04-22,34.22999954223633,40.709999084472656,27500.0,39800.0
2014-04-23,34.38999938964844,40.72999954223633,27780.0,40750.0
2014-04-24,34.16999816894531,40.70000076293945,28140.0,40900.0
2014-04-25,33.720001220703125,41.0099983215332,27980.0,40750.0
2014-04-28,33.7599983215332,41.029998779296875,27760.0,40500.0
2014-04-29,33.9900016784668,40.56999969482422,27200.0,39700.0
2014-04-30,34.47999954223633,40.790000915527344,26860.0,40150.0
2014-05-01,34.900001525878906,40.779998779296875,26860.0,40150.0
2014-05-02,34.970001220703125,40.95000076293945,26920.0,40650.0
2014-05-05,34.75,40.7599983215332,26920.0,40650.0
2014-05-06,34.75,40.4900016784668,26920.0,40650.0
2014-05-07,35.06999969482422,40.90999984741211,26880.0,41100.0
2014-05-08,34.849998474121094,40.72999954223633,27000.0,40650.0
2014-05-09,34.22999954223633,40.869998931884766,26700.0,41150.0
2014-05-12,34.81999969482422,40.81999969482422,27760.0,41400.0
2014-05-13,35.150001525878906,41.11000061035156,28000.0,41700.0
2014-05-14,34.939998626708984,40.88999938964844,28300.0,42100.0
2014-05-15,34.36000061035156,40.52000045776367,28200.0,42000.0
2014-05-16,34.0,40.88999938964844,28560.0,42250.0
2014-05-19,34.25,40.709999084472656,28960.0,40900.0
2014-05-20,33.06999969482422,40.58000183105469,29020.0,42000.0
2014-05-21,33.459999084472656,40.869998931884766,28820.0,41900.0
2014-05-22,33.41999816894531,40.58000183105469,28520.0,42400.0
2014-05-23,33.630001068115234,40.58000183105469,28560.0,42350.0
2014-05-26,33.630001068115234,40.58000183105469,28440.0,42400.0
2014-05-27,33.939998626708984,40.77000045776367,28140.0,42200.0
2014-05-28,34.59000015258789,40.58000183105469,28660.0,42600.0
2014-05-29,34.45000076293945,40.65999984741211,29200.0,42600.0
2014-05-30,34.58000183105469,40.90999984741211,28860.0,44150.0
2014-06-02,34.86000061035156,40.86000061035156,29100.0,44700.0
2014-06-03,35.2599983215332,40.880001068115234,29400.0,44650.0
2014-06-04,36.52000045776367,40.790000915527344,29400.0,44650.0
2014-06-05,36.27000045776367,40.88999938964844,29140.0,46450.0
2014-06-06,36.54999923706055,40.9900016784668,29140.0,46450.0
2014-06-09,36.5,40.90999984741211,28180.0,46100.0
2014-06-10,36.400001525878906,41.06999969482422,28720.0,47350.0
2014-06-11,36.119998931884766,40.86000061035156,28440.0,47000.0
2014-06-12,35.52000045776367,40.41999816894531,28260.0,47400.0
2014-06-13,35.630001068115234,40.369998931884766,27340.0,47050.0
2014-06-16,36.060001373291016,40.65999984741211,27480.0,48350.0
2014-06-17,36.36000061035156,40.91999816894531,27480.0,49350.0
2014-06-18,36.29999923706055,41.560001373291016,27160.0,49000.0
2014-06-19,36.369998931884766,41.790000915527344,26460.0,50700.0
2014-06-20,36.220001220703125,41.689998626708984,26020.0,49400.0
2014-06-23,36.66999816894531,41.72999954223633,26440.0,48900.0
2014-06-24,36.58000183105469,41.849998474121094,26900.0,50300.0
2014-06-25,37.09000015258789,41.959999084472656,26400.0,49800.0
2014-06-26,36.900001525878906,42.029998779296875,26500.0,48750.0
2014-06-27,36.619998931884766,42.189998626708984,26220.0,47500.0
2014-06-30,36.29999923706055,42.36000061035156,26440.0,48550.0
2014-07-01,37.59000015258789,42.290000915527344,26200.0,48450.0
2014-07-02,37.7400016784668,42.290000915527344,26600.0,50400.0
2014-07-03,37.7400016784668,42.22999954223633,26360.0,50900.0
2014-07-04,37.7400016784668,42.22999954223633,26120.0,50400.0
2014-07-07,37.439998626708984,42.13999938964844,25840.0,51600.0
2014-07-08,37.58000183105469,41.939998626708984,25900.0,51900.0
2014-07-09,37.970001220703125,41.95000076293945,26160.0,49750.0
2014-07-10,37.75,42.2599983215332,26120.0,49300.0
2014-07-11,37.95000076293945,41.970001220703125,25680.0,48950.0
2014-07-14,37.70000076293945,42.380001068115234,25720.0,49350.0
2014-07-15,37.58000183105469,42.099998474121094,26400.0,49750.0
2014-07-16,37.47999954223633,42.119998931884766,26420.0,51000.0
2014-07-17,37.099998474121094,42.02000045776367,26600.0,51500.0
2014-07-18,37.40999984741211,42.43000030517578,26860.0,50800.0
2014-07-21,37.43000030517578,42.400001525878906,27060.0,50500.0
2014-07-22,37.7599983215332,41.189998626708984,26960.0,51000.0
2014-07-23,37.40999984741211,40.810001373291016,26760.0,49450.0
2014-07-24,35.7400016784668,40.970001220703125,27100.0,47550.0
2014-07-25,35.06999969482422,41.0,27100.0,47500.0
2014-07-28,34.900001525878906,40.68000030517578,27160.0,46550.0
2014-07-29,34.45000076293945,40.349998474121094,27720.0,44400.0
2014-07-30,34.310001373291016,39.619998931884766,27900.0,46750.0
2014-07-31,33.81999969482422,39.290000915527344,26860.0,45450.0
2014-08-01,33.439998626708984,39.290000915527344,25840.0,46300.0
2014-08-04,33.61000061035156,39.400001525878906,26340.0,47850.0
2014-08-05,33.36000061035156,39.18000030517578,26320.0,47300.0
2014-08-06,33.400001525878906,39.91999816894531,26000.0,45400.0
2014-08-07,33.11000061035156,39.349998474121094,25800.0,45200.0
2014-08-08,33.529998779296875,39.45000076293945,25000.0,44200.0
2014-08-11,33.79999923706055,39.56999969482422,25400.0,45000.0
2014-08-12,33.70000076293945,39.68000030517578,25320.0,43250.0
2014-08-13,33.95000076293945,39.939998626708984,25280.0,43900.0
2014-08-14,33.95000076293945,40.18000030517578,25220.0,43550.0
2014-08-15,33.84000015258789,40.880001068115234,25220.0,43550.0
2014-08-18,34.400001525878906,41.349998474121094,25000.0,43850.0
2014-08-19,34.56999969482422,41.2599983215332,25080.0,43800.0
2014-08-20,34.529998779296875,41.25,25220.0,45350.0
2014-08-21,34.599998474121094,41.40999984741211,24700.0,45850.0
2014-08-22,34.2400016784668,41.119998931884766,24940.0,45950.0
2014-08-25,34.66999816894531,41.40999984741211,24560.0,47150.0
2014-08-26,34.849998474121094,41.599998474121094,24440.0,46700.0
2014-08-27,34.709999084472656,41.599998474121094,24600.0,45350.0
2014-08-28,34.68000030517578,41.630001068115234,24840.0,45600.0
2014-08-29,34.79999923706055,41.720001220703125,24680.0,45400.0
2014-09-01,34.79999923706055,41.720001220703125,24520.0,44500.0
2014-09-02,34.79999923706055,41.63999938964844,23880.0,44050.0
2014-09-03,34.470001220703125,41.779998779296875,23780.0,41800.0
2014-09-04,34.630001068115234,41.869998931884766,24200.0,42050.0
2014-09-05,34.58000183105469,41.84000015258789,24020.0,43200.0
2014-09-08,33.2400016784668,41.779998779296875,24020.0,43200.0
2014-09-09,33.06999969482422,41.939998626708984,24020.0,43200.0
2014-09-10,33.290000915527344,42.16999816894531,24020.0,43200.0
2014-09-11,33.61000061035156,41.95000076293945,23840.0,43850.0
2014-09-12,33.27000045776367,41.459999084472656,24020.0,44500.0
2014-09-15,33.630001068115234,41.5,24000.0,42800.0
2014-09-16,33.709999084472656,41.63999938964844,24120.0,43500.0
2014-09-17,33.849998474121094,41.61000061035156,24520.0,44100.0
2014-09-18,34.029998779296875,41.790000915527344,24200.0,42900.0
2014-09-19,33.939998626708984,42.04999923706055,24200.0,44000.0
2014-09-22,33.439998626708984,42.220001220703125,23760.0,43250.0
2014-09-23,33.220001220703125,41.88999938964844,23220.0,42500.0
2014-09-24,33.650001525878906,42.27000045776367,23000.0,44200.0
2014-09-25,32.869998931884766,41.779998779296875,23120.0,44600.0
2014-09-26,33.16999816894531,42.20000076293945,23700.0,45600.0
2014-09-29,32.220001220703125,42.25,23900.0,47150.0
2014-09-30,31.940000534057617,42.65999984741211,23680.0,46750.0
2014-10-01,32.4900016784668,42.7400016784668,23120.0,46400.0
2014-10-02,33.18000030517578,42.65999984741211,22820.0,47100.0
2014-10-03,33.7599983215332,43.0,22820.0,47100.0
2014-10-06,33.75,43.599998474121094,23020.0,44700.0
2014-10-07,31.770000457763672,43.91999816894531,23240.0,44700.0
2014-10-08,32.18000030517578,44.54999923706055,22600.0,44150.0
2014-10-09,31.030000686645508,43.869998931884766,22600.0,44150.0
2014-10-10,30.290000915527344,44.470001220703125,22100.0,42200.0
2014-10-13,29.790000915527344,44.06999969482422,22160.0,41700.0
2014-10-14,30.110000610351562,43.63999938964844,22540.0,43300.0
2014-10-15,29.690000534057617,43.22999954223633,22500.0,43400.0
2014-10-16,29.940000534057617,42.560001373291016,22300.0,45100.0
2014-10-17,30.239999771118164,42.880001068115234,21780.0,44100.0
2014-10-20,30.34000015258789,43.290000915527344,22120.0,44900.0
2014-10-21,30.84000015258789,40.68000030517578,21660.0,45250.0
2014-10-22,31.309999465942383,40.619998931884766,22080.0,46300.0
2014-10-23,30.93000030517578,40.86000061035156,21880.0,45500.0
2014-10-24,30.040000915527344,41.029998779296875,22240.0,45300.0
2014-10-27,30.079999923706055,40.7599983215332,21900.0,44600.0
2014-10-28,31.170000076293945,40.560001373291016,21820.0,46000.0
2014-10-29,30.719999313354492,40.959999084472656,22600.0,47000.0
2014-10-30,30.780000686645508,41.400001525878906,23620.0,47200.0
2014-10-31,31.399999618530273,41.880001068115234,24880.0,47450.0
2014-11-03,31.18000030517578,41.810001373291016,24700.0,48050.0
2014-11-04,30.81999969482422,41.81999969482422,24340.0,47450.0
2014-11-05,30.729999542236328,42.310001373291016,24040.0,47200.0
2014-11-06,31.3700008392334,42.290000915527344,24080.0,47950.0
2014-11-07,31.59000015258789,42.31999969482422,24120.0,47400.0
2014-11-10,31.1200008392334,42.38999938964844,25360.0,47550.0
2014-11-11,31.350000381469727,42.5099983215332,24620.0,47600.0
2014-11-12,31.420000076293945,42.709999084472656,24600.0,48100.0
2014-11-13,31.649999618530273,42.790000915527344,24000.0,48100.0
2014-11-14,31.790000915527344,42.72999954223633,23880.0,49200.0
2014-11-17,32.310001373291016,42.91999816894531,24100.0,45900.0
2014-11-18,32.27000045776367,43.529998779296875,24400.0,46400.0
2014-11-19,32.150001525878906,44.220001220703125,24360.0,47150.0
2014-11-20,32.130001068115234,44.25,24200.0,47250.0
2014-11-21,32.130001068115234,44.5,24460.0,46450.0
2014-11-24,32.189998626708984,44.27000045776367,24400.0,47100.0
2014-11-25,32.22999954223633,44.43000030517578,23800.0,48500.0
2014-11-26,32.06999969482422,44.290000915527344,24020.0,48600.0
2014-11-27,32.06999969482422,44.290000915527344,25280.0,47850.0
2014-11-28,33.43000030517578,44.83000183105469,25740.0,48050.0
2014-12-01,32.939998626708984,44.54999923706055,25900.0,47950.0
2014-12-02,33.2599983215332,44.540000915527344,25900.0,47700.0
2014-12-03,33.63999938964844,43.79999923706055,25960.0,48050.0
2014-12-04,33.09000015258789,43.5,26000.0,48700.0
2014-12-05,33.93000030517578,43.529998779296875,26040.0,48350.0
2014-12-08,32.68000030517578,43.13999938964844,26380.0,48650.0
2014-12-09,32.810001373291016,42.040000915527344,26980.0,49450.0
2014-12-10,31.969999313354492,41.599998474121094,26340.0,48850.0
2014-12-11,32.189998626708984,41.529998779296875,26100.0,47200.0
2014-12-12,31.56999969482422,40.90999984741211,25720.0,47550.0
2014-12-15,31.0,40.56999969482422,25460.0,47650.0
2014-12-16,30.729999542236328,40.38999938964844,25580.0,46500.0
2014-12-17,31.149999618530273,41.54999923706055,25320.0,46700.0
2014-12-18,31.75,42.38999938964844,25320.0,47700.0
2014-12-19,32.810001373291016,41.95000076293945,26560.0,48500.0
2014-12-22,33.22999954223633,42.349998474121094,26900.0,48250.0
2014-12-23,33.560001373291016,42.970001220703125,26780.0,47450.0
2014-12-24,33.43000030517578,42.939998626708984,26860.0,47800.0
2014-12-26,33.72999954223633,42.959999084472656,27040.0,47000.0
2014-12-29,34.599998474121094,42.86000061035156,26580.0,48050.0
2014-12-30,35.09000015258789,42.7599983215332,26540.0,47750.0
2014-12-31,34.90999984741211,42.220001220703125,26540.0,47750.0
2015-01-02,34.84000015258789,42.13999938964844,26600.0,47750.0
2015-01-05,34.33000183105469,42.13999938964844,26660.0,47650.0
2015-01-06,34.849998474121094,42.459999084472656,25900.0,47500.0
2015-01-07,35.84000015258789,42.9900016784668,26140.0,47400.0
2015-01-08,36.20000076293945,43.5099983215332,26280.0,49950.0
2015-01-09,35.59000015258789,43.029998779296875,26280.0,49700.0
2015-01-12,35.84000015258789,42.63999938964844,26320.0,50300.0
2015-01-13,35.25,42.630001068115234,26780.0,49000.0
2015-01-14,34.29999923706055,42.560001373291016,26900.0,48900.0
2015-01-15,33.43000030517578,42.380001068115234,26680.0,49500.0
2015-01-16,33.68000030517578,42.529998779296875,26320.0,47450.0
2015-01-19,33.68000030517578,42.529998779296875,26860.0,47000.0
2015-01-20,33.93000030517578,43.15999984741211,27440.0,47050.0
2015-01-21,33.88999938964844,43.36000061035156,27900.0,48050.0
2015-01-22,33.81999969482422,43.779998779296875,27560.0,47000.0
2015-01-23,33.75,43.310001373291016,27720.0,47500.0
2015-01-26,33.70000076293945,43.0,27780.0,48250.0
2015-01-27,33.41999816894531,42.38999938964844,28000.0,49150.0
2015-01-28,32.84000015258789,41.91999816894531,27560.0,49200.0
2015-01-29,33.15999984741211,42.099998474121094,27200.0,47400.0
2015-01-30,32.619998931884766,41.16999816894531,27300.0,47650.0
2015-02-02,33.11000061035156,41.59000015258789,27360.0,46600.0
2015-02-03,33.97999954223633,41.630001068115234,27320.0,46700.0
2015-02-04,35.83000183105469,41.68000030517578,27180.0,47300.0
2015-02-05,36.25,41.790000915527344,27160.0,47150.0
2015-02-06,36.0,41.45000076293945,27440.0,45500.0
2015-02-09,36.0,41.22999954223633,27900.0,45200.0
2015-02-10,37.52000045776367,42.400001525878906,27560.0,45150.0
2015-02-11,37.66999816894531,42.369998931884766,27100.0,46850.0
2015-02-12,38.02000045776367,42.16999816894531,26880.0,46650.0
2015-02-13,37.619998931884766,41.9900016784668,27220.0,47050.0
2015-02-16,37.619998931884766,41.9900016784668,27480.0,47500.0
2015-02-17,37.2400016784668,41.810001373291016,27540.0,46450.0
2015-02-18,37.189998626708984,41.72999954223633,27540.0,46450.0
2015-02-19,37.5099983215332,42.11000061035156,27540.0,46450.0
2015-02-20,37.650001525878906,41.970001220703125,27540.0,46450.0
2015-02-23,37.689998626708984,41.849998474121094,27340.0,47200.0
2015-02-24,37.75,42.130001068115234,27340.0,47600.0
2015-02-25,37.86000061035156,42.04999923706055,27580.0,46500.0
2015-02-26,37.560001373291016,42.459999084472656,27500.0,47100.0
2015-02-27,37.310001373291016,43.29999923706055,27140.0,46600.0
2015-03-02,37.61000061035156,43.20000076293945,28460.0,46850.0
2015-03-03,37.79999923706055,42.95000076293945,28360.0,47300.0
2015-03-04,37.56999969482422,42.5,28740.0,45900.0
2015-03-05,37.61000061035156,42.400001525878906,28440.0,45500.0
2015-03-06,36.84000015258789,41.52000045776367,28840.0,46200.0
2015-03-09,37.65999984741211,41.38999938964844,28400.0,45100.0
2015-03-10,37.54999923706055,40.689998626708984,28420.0,44150.0
2015-03-11,37.779998779296875,40.099998474121094,29480.0,43400.0
2015-03-12,38.43000030517578,40.56999969482422,28940.0,43250.0
2015-03-13,38.04999923706055,39.90999984741211,29140.0,44100.0
2015-03-16,38.58000183105469,40.290000915527344,29400.0,45800.0
2015-03-17,38.290000915527344,40.5099983215332,29940.0,46250.0
2015-03-18,38.5,40.599998474121094,30060.0,46250.0
2015-03-19,38.650001525878906,40.02000045776367,29400.0,46400.0
2015-03-20,38.869998931884766,40.650001525878906,29280.0,46850.0
2015-03-23,38.59000015258789,40.619998931884766,29340.0,48150.0
2015-03-24,37.849998474121094,40.470001220703125,29520.0,48000.0
2015-03-25,37.380001068115234,40.45000076293945,29700.0,48300.0
2015-03-26,37.349998474121094,40.349998474121094,28420.0,47000.0
2015-03-27,37.310001373291016,40.08000183105469,28420.0,45800.0
2015-03-30,37.68000030517578,40.5099983215332,28560.0,45500.0
2015-03-31,37.5,40.54999923706055,28820.0,45550.0
2015-04-01,36.7400016784668,40.68000030517578,28460.0,45000.0
2015-04-02,36.5,40.68000030517578,28680.0,44800.0
2015-04-03,36.5,40.68000030517578,28680.0,44200.0
2015-04-06,36.65999984741211,41.16999816894531,29400.0,44750.0
2015-04-07,35.72999954223633,41.0099983215332,29240.0,43950.0
2015-04-08,36.11000061035156,40.88999938964844,29580.0,42600.0
2015-04-09,36.290000915527344,41.04999923706055,29660.0,41900.0
2015-04-10,36.56999969482422,40.880001068115234,29800.0,43600.0
2015-04-13,36.400001525878906,40.70000076293945,29580.0,44200.0
2015-04-14,36.47999954223633,40.5099983215332,29480.0,44000.0
2015-04-15,36.939998626708984,40.400001525878906,28920.0,44300.0
2015-04-16,37.08000183105469,40.599998474121094,29540.0,44500.0
2015-04-17,36.63999938964844,40.29999923706055,29000.0,44550.0
2015-04-20,37.11000061035156,40.65999984741211,28600.0,44250.0
2015-04-21,37.15999984741211,40.779998779296875,28880.0,45150.0
2015-04-22,37.15999984741211,41.310001373291016,29220.0,45250.0
2015-04-23,35.91999816894531,40.95000076293945,29020.0,45800.0
2015-04-24,35.59000015258789,40.88999938964844,28200.0,47200.0
2015-04-27,35.779998779296875,40.83000183105469,27900.0,45800.0
2015-04-28,35.720001220703125,40.77000045776367,27320.0,46950.0
2015-04-29,35.5099983215332,40.4900016784668,27700.0,46900.0
2015-04-30,35.060001373291016,40.560001373291016,28200.0,46150.0
2015-05-01,35.41999816894531,40.90999984741211,28200.0,46150.0
2015-05-04,35.400001525878906,40.959999084472656,28000.0,46800.0
2015-05-05,35.0099983215332,40.75,28000.0,46800.0
2015-05-06,34.77000045776367,40.65999984741211,27240.0,45300.0
2015-05-07,34.880001068115234,40.70000076293945,27400.0,45900.0
2015-05-08,35.31999969482422,40.97999954223633,26760.0,45950.0
2015-05-11,35.220001220703125,40.939998626708984,26720.0,46300.0
2015-05-12,34.7400016784668,40.689998626708984,26620.0,46050.0
2015-05-13,34.79999923706055,41.04999923706055,26660.0,45250.0
2015-05-14,34.650001525878906,41.5,26800.0,45550.0
2015-05-15,34.90999984741211,41.52000045776367,26520.0,45300.0
2015-05-18,35.04999923706055,41.31999969482422,26400.0,45450.0
2015-05-19,35.119998931884766,41.310001373291016,26760.0,46100.0
2015-05-20,35.02000045776367,41.349998474121094,27320.0,46850.0
2015-05-21,35.58000183105469,41.22999954223633,27040.0,46350.0
2015-05-22,35.70000076293945,41.209999084472656,27000.0,47850.0
2015-05-26,35.52000045776367,40.9900016784668,27240.0,48000.0
2015-05-27,35.810001373291016,41.119998931884766,26280.0,48450.0
2015-05-28,36.38999938964844,41.13999938964844,26180.0,49650.0
2015-05-29,35.970001220703125,40.959999084472656,26140.0,51100.0
2015-06-01,36.18000030517578,40.939998626708984,25820.0,50600.0
2015-06-02,36.220001220703125,40.9900016784668,26060.0,51200.0
2015-06-03,35.939998626708984,40.869998931884766,25460.0,49800.0
2015-06-04,35.540000915527344,40.59000015258789,26740.0,48300.0
2015-06-05,35.119998931884766,40.099998474121094,26820.0,49050.0
2015-06-08,34.9900016784668,40.15999984741211,26280.0,48050.0
2015-06-09,35.2599983215332,40.20000076293945,25640.0,48000.0
2015-06-10,35.59000015258789,40.33000183105469,25240.0,47500.0
2015-06-11,35.54999923706055,40.099998474121094,25140.0,47100.0
2015-06-12,35.709999084472656,39.959999084472656,25540.0,46550.0
2015-06-15,35.459999084472656,39.59000015258789,25400.0,46150.0
2015-06-16,35.61000061035156,40.08000183105469,25100.0,44200.0
2015-06-17,35.810001373291016,40.27000045776367,25080.0,44950.0
2015-06-18,36.20000076293945,40.650001525878906,25300.0,44300.0
2015-06-19,36.11000061035156,40.400001525878906,25320.0,43550.0
2015-06-22,36.189998626708984,40.47999954223633,25620.0,43850.0
2015-06-23,36.29999923706055,40.380001068115234,26420.0,44150.0
2015-06-24,35.15999984741211,40.189998626708984,26040.0,43350.0
2015-06-25,34.70000076293945,40.02000045776367,25380.0,43100.0
2015-06-26,34.380001068115234,40.0,25560.0,42000.0
2015-06-29,33.22999954223633,39.400001525878906,25620.0,42600.0
2015-06-30,33.33000183105469,39.22999954223633,25360.0,42300.0
2015-07-01,33.040000915527344,39.5,25900.0,42800.0
2015-07-02,33.22999954223633,39.4900016784668,25980.0,42100.0
2015-07-03,33.22999954223633,39.4900016784668,25360.0,42650.0
2015-07-06,32.650001525878906,39.41999816894531,24600.0,40750.0
2015-07-07,32.86000061035156,40.25,24800.0,41350.0
2015-07-08,31.190000534057617,39.86000061035156,24780.0,40900.0
2015-07-09,31.010000228881836,39.91999816894531,25300.0,40950.0
2015-07-10,31.399999618530273,40.38999938964844,25180.0,40850.0
2015-07-13,31.68000030517578,40.65999984741211,25320.0,40550.0
2015-07-14,31.770000457763672,41.16999816894531,24500.0,37850.0
2015-07-15,31.43000030517578,41.130001068115234,24700.0,39300.0
2015-07-16,30.610000610351562,41.47999954223633,25640.0,39450.0
2015-07-17,30.649999618530273,41.25,26100.0,39950.0
2015-07-20,30.5,41.380001068115234,25500.0,38650.0
2015-07-21,30.389999389648438,41.189998626708984,25260.0,39050.0
2015-07-22,30.299999237060547,40.900001525878906,25060.0,38200.0
2015-07-23,31.5,40.84000015258789,24680.0,39000.0
2015-07-24,31.059999465942383,40.439998626708984,24580.0,38550.0
2015-07-27,31.049999237060547,40.540000915527344,24600.0,37250.0
2015-07-28,31.31999969482422,40.54999923706055,24600.0,37100.0
2015-07-29,31.950000762939453,40.59000015258789,25260.0,37000.0
2015-07-30,31.90999984741211,40.560001373291016,24300.0,34500.0
2015-07-31,31.510000228881836,41.08000183105469,23700.0,37100.0
2015-08-03,31.68000030517578,41.540000915527344,23500.0,35950.0
2015-08-04,31.520000457763672,41.849998474121094,23640.0,37250.0
2015-08-05,31.600000381469727,42.119998931884766,23180.0,37300.0
2015-08-06,31.860000610351562,41.91999816894531,22300.0,36100.0
2015-08-07,31.739999771118164,41.77000045776367,22720.0,36200.0
2015-08-10,31.940000534057617,41.68000030517578,22820.0,36300.0
2015-08-11,30.829999923706055,41.47999954223633,23140.0,36100.0
2015-08-12,30.8700008392334,41.2599983215332,23080.0,35800.0
2015-08-13,31.059999465942383,41.099998474121094,22800.0,36900.0
2015-08-14,31.489999771118164,41.25,22800.0,36900.0
2015-08-17,31.610000610351562,41.349998474121094,22080.0,35650.0
2015-08-18,31.709999084472656,41.29999923706055,22620.0,35050.0
2015-08-19,31.6299991607666,40.779998779296875,23080.0,33000.0
2015-08-20,30.84000015258789,40.54999923706055,22780.0,33050.0
2015-08-21,29.600000381469727,39.529998779296875,22020.0,32000.0
2015-08-24,27.799999237060547,38.380001068115234,21580.0,31050.0
2015-08-25,27.280000686645508,37.9900016784668,21580.0,33500.0
2015-08-26,28.100000381469727,38.72999954223633,21340.0,33450.0
2015-08-27,28.579999923706055,39.27000045776367,21340.0,35500.0
2015-08-28,29.0,39.45000076293945,21620.0,36900.0
2015-08-31,29.440000534057617,39.31999969482422,21780.0,35800.0
2015-09-01,28.639999389648438,38.75,21700.0,34400.0
2015-09-02,29.209999084472656,38.900001525878906,21800.0,34350.0
2015-09-03,29.110000610351562,39.15999984741211,22440.0,35400.0
2015-09-04,28.8799991607666,38.52000045776367,22580.0,34850.0
2015-09-07,28.8799991607666,38.52000045776367,22240.0,34750.0
2015-09-08,29.8799991607666,38.900001525878906,22620.0,34750.0
2015-09-09,29.6200008392334,38.29999923706055,22940.0,36000.0
2015-09-10,30.0,38.41999816894531,22680.0,35950.0
2015-09-11,30.149999618530273,38.130001068115234,22300.0,35000.0
2015-09-14,30.719999313354492,38.099998474121094,22480.0,34600.0
2015-09-15,30.989999771118164,38.5,22460.0,33600.0
2015-09-16,31.200000762939453,39.150001525878906,23040.0,35100.0
2015-09-17,31.309999465942383,39.380001068115234,23140.0,36150.0
2015-09-18,30.510000228881836,38.97999954223633,23800.0,35750.0
2015-09-21,30.6200008392334,39.189998626708984,23000.0,34800.0
2015-09-22,30.030000686645508,38.790000915527344,22900.0,34900.0
2015-09-23,29.719999313354492,38.7599983215332,22620.0,34700.0
2015-09-24,29.440000534057617,39.150001525878906,22520.0,33850.0
2015-09-25,29.40999984741211,39.619998931884766,22240.0,34350.0
2015-09-28,28.559999465942383,39.529998779296875,22240.0,34350.0
2015-09-29,29.149999618530273,39.65999984741211,22240.0,34350.0
2015-09-30,30.020000457763672,40.119998931884766,22680.0,33550.0
2015-10-01,30.670000076293945,39.79999923706055,22680.0,33700.0
2015-10-02,31.729999542236328,40.38999938964844,22380.0,34550.0
2015-10-05,31.760000228881836,41.0099983215332,22300.0,35350.0
2015-10-06,32.220001220703125,40.959999084472656,23020.0,37200.0
2015-10-07,33.04999923706055,41.52000045776367,25020.0,37300.0
2015-10-08,33.43000030517578,41.97999954223633,25400.0,37550.0
2015-10-09,32.95000076293945,42.02000045776367,25400.0,37550.0
2015-10-12,33.02000045776367,42.0,25200.0,36850.0
2015-10-13,33.130001068115234,41.650001525878906,25040.0,36000.0
2015-10-14,33.33000183105469,41.68000030517578,25080.0,36400.0
2015-10-15,33.31999969482422,41.91999816894531,25380.0,36750.0
2015-10-16,33.150001525878906,42.02000045776367,25300.0,36100.0
2015-10-19,33.2400016784668,41.9900016784668,25120.0,35750.0
2015-10-20,33.47999954223633,42.290000915527344,25320.0,35700.0
2015-10-21,35.41999816894531,42.189998626708984,25400.0,33650.0
2015-10-22,35.41999816894531,43.2400016784668,25600.0,31950.0
2015-10-23,35.95000076293945,42.790000915527344,25780.0,32100.0
2015-10-26,35.66999816894531,42.59000015258789,25840.0,32900.0
2015-10-27,34.970001220703125,42.61000061035156,25960.0,32150.0
2015-10-28,35.220001220703125,42.72999954223633,26160.0,31450.0
2015-10-29,34.75,42.790000915527344,26500.0,31450.0
2015-10-30,34.90999984741211,42.349998474121094,27440.0,30700.0
2015-11-02,35.56999969482422,42.2400016784668,27660.0,32150.0
2015-11-03,35.779998779296875,42.15999984741211,27040.0,31900.0
2015-11-04,35.41999816894531,41.970001220703125,26600.0,32600.0
2015-11-05,35.439998626708984,42.33000183105469,26840.0,32650.0
2015-11-06,35.75,41.959999084472656,26760.0,31200.0
2015-11-09,35.66999816894531,41.540000915527344,26880.0,31250.0
2015-11-10,35.619998931884766,41.77000045776367,26420.0,31150.0
2015-11-11,35.54999923706055,42.040000915527344,26660.0,31000.0
2015-11-12,35.09000015258789,41.58000183105469,26340.0,30700.0
2015-11-13,34.310001373291016,41.380001068115234,26000.0,31150.0
2015-11-16,35.16999816894531,41.959999084472656,25260.0,30500.0
2015-11-17,35.209999084472656,41.66999816894531,25400.0,30600.0
2015-11-18,36.459999084472656,42.279998779296875,25620.0,30550.0
2015-11-19,36.13999938964844,43.11000061035156,25780.0,31200.0
2015-11-20,36.34000015258789,42.43000030517578,25700.0,31000.0
2015-11-23,36.08000183105469,42.959999084472656,25640.0,30650.0
2015-11-24,36.220001220703125,43.36000061035156,25980.0,30200.0
2015-11-25,36.34000015258789,43.36000061035156,25980.0,31900.0
2015-11-26,36.34000015258789,43.36000061035156,26700.0,32750.0
2015-11-27,36.369998931884766,43.150001525878906,26540.0,32000.0
2015-11-30,36.20000076293945,42.619998931884766,25680.0,31600.0
2015-12-01,36.2599983215332,42.88999938964844,26420.0,31350.0
2015-12-02,35.72999954223633,42.77000045776367,26000.0,31200.0
2015-12-03,35.470001220703125,42.459999084472656,25800.0,31150.0
2015-12-04,36.25,43.290000915527344,25380.0,31200.0
2015-12-07,36.130001068115234,43.20000076293945,25240.0,30700.0
2015-12-08,35.47999954223633,43.0099983215332,25240.0,30200.0
2015-12-09,35.45000076293945,42.65999984741211,25260.0,30250.0
2015-12-10,35.630001068115234,42.7599983215332,25660.0,30300.0
2015-12-11,34.54999923706055,42.27000045776367,25680.0,29850.0
2015-12-14,34.38999938964844,42.45000076293945,25220.0,29000.0
2015-12-15,34.540000915527344,43.06999969482422,25540.0,29400.0
2015-12-16,35.13999938964844,43.84000015258789,25980.0,30400.0
2015-12-17,34.11000061035156,43.4900016784668,25800.0,30250.0
2015-12-18,33.66999816894531,42.5,25560.0,30600.0
2015-12-21,33.83000183105469,42.779998779296875,25600.0,30500.0
2015-12-22,34.290000915527344,43.290000915527344,25840.0,32200.0
2015-12-23,34.779998779296875,43.66999816894531,25900.0,32700.0
2015-12-24,34.599998474121094,43.540000915527344,25700.0,31700.0
2015-12-28,34.5099983215332,43.4900016784668,25320.0,30900.0
2015-12-29,34.5,43.709999084472656,25080.0,31200.0
2015-12-30,34.33000183105469,43.56999969482422,25200.0,30750.0
2015-12-31,34.0099983215332,42.959999084472656,25200.0,30750.0
2016-01-04,33.310001373291016,42.400001525878906,24100.0,30150.0
2016-01-05,32.43000030517578,42.54999923706055,24160.0,30600.0
2016-01-06,31.270000457763672,42.31999969482422,23500.0,30750.0
2016-01-07,29.989999771118164,41.619998931884766,23260.0,30200.0
2016-01-08,29.530000686645508,41.5099983215332,23420.0,29700.0
2016-01-11,30.25,41.58000183105469,23040.0,28650.0
2016-01-12,30.299999237060547,42.119998931884766,22920.0,27800.0
2016-01-13,30.489999771118164,41.849998474121094,22960.0,28100.0
2016-01-14,30.299999237060547,41.880001068115234,22760.0,27900.0
2016-01-15,29.56999969482422,41.5,22640.0,26800.0
2016-01-18,29.56999969482422,41.5,22520.0,26700.0
2016-01-19,29.399999618530273,41.91999816894531,23420.0,28300.0
2016-01-20,29.420000076293945,41.380001068115234,22760.0,26800.0
2016-01-21,29.549999237060547,41.38999938964844,22620.0,26600.0
2016-01-22,29.280000686645508,42.060001373291016,23360.0,27150.0
2016-01-25,29.229999542236328,42.15999984741211,23240.0,28000.0
2016-01-26,29.649999618530273,42.08000183105469,22740.0,27850.0
2016-01-27,29.209999084472656,42.09000015258789,23500.0,27650.0
2016-01-28,29.020000457763672,42.56999969482422,22900.0,27650.0
2016-01-29,29.639999389648438,42.91999816894531,23000.0,27300.0
2016-02-01,30.110000610351562,43.0,23260.0,28400.0
2016-02-02,29.649999618530273,42.439998626708984,23120.0,28450.0
2016-02-03,28.920000076293945,42.720001220703125,22920.0,27450.0
2016-02-04,28.639999389648438,42.529998779296875,23120.0,28100.0
2016-02-05,28.540000915527344,42.439998626708984,23280.0,28100.0
2016-02-08,28.68000030517578,42.650001525878906,23280.0,28100.0
2016-02-09,27.8700008392334,43.29999923706055,23280.0,28100.0
2016-02-10,27.709999084472656,42.54999923706055,23280.0,28100.0
2016-02-11,26.899999618530273,42.40999984741211,22600.0,27150.0
2016-02-12,27.709999084472656,43.11000061035156,22600.0,27350.0
2016-02-15,27.709999084472656,43.11000061035156,23080.0,27700.0
2016-02-16,28.579999923706055,43.36000061035156,23360.0,28900.0
2016-02-17,29.270000457763672,43.4900016784668,23700.0,30050.0
2016-02-18,29.030000686645508,43.61000061035156,23740.0,30200.0
2016-02-19,28.780000686645508,43.77000045776367,23800.0,29600.0
2016-02-22,29.6299991607666,43.939998626708984,23500.0,29900.0
2016-02-23,29.3799991607666,43.689998626708984,23620.0,30400.0
2016-02-24,28.84000015258789,43.90999984741211,23440.0,30900.0
2016-02-25,29.5,44.15999984741211,23580.0,30800.0
2016-02-26,29.6299991607666,43.13999938964844,23440.0,30800.0
2016-02-29,29.440000534057617,43.130001068115234,23560.0,30000.0
2016-03-01,30.010000228881836,43.689998626708984,23560.0,30000.0
2016-03-02,30.149999618530273,43.77000045776367,23940.0,30950.0
2016-03-03,31.06999969482422,43.959999084472656,24400.0,31950.0
2016-03-04,31.3700008392334,44.11000061035156,24300.0,31900.0
2016-03-07,31.59000015258789,44.0099983215332,24460.0,31900.0
2016-03-08,30.68000030517578,44.31999969482422,23840.0,30500.0
2016-03-09,30.540000915527344,44.810001373291016,23880.0,30550.0
2016-03-10,30.81999969482422,45.22999954223633,24500.0,30300.0
2016-03-11,31.260000228881836,45.20000076293945,24980.0,30700.0
2016-03-14,31.18000030517578,45.290000915527344,25100.0,30350.0
2016-03-15,31.049999237060547,45.2400016784668,25060.0,29900.0
2016-03-16,31.690000534057617,45.04999923706055,25120.0,29200.0
2016-03-17,31.959999084472656,45.77000045776367,25260.0,29250.0
2016-03-18,31.959999084472656,45.599998474121094,25460.0,29450.0
2016-03-21,32.08000183105469,45.66999816894531,25340.0,29550.0
2016-03-22,31.899999618530273,45.5,25380.0,30200.0
2016-03-23,31.309999465942383,45.459999084472656,25580.0,30250.0
2016-03-24,30.959999084472656,45.58000183105469,25640.0,29450.0
2016-03-25,30.959999084472656,45.58000183105469,25760.0,29150.0
2016-03-28,31.020000457763672,45.79999923706055,25880.0,28550.0
2016-03-29,31.190000534057617,46.47999954223633,25800.0,28900.0
2016-03-30,30.989999771118164,46.58000183105469,26160.0,28650.0
2016-03-31,31.43000030517578,46.38999938964844,26240.0,28150.0
2016-04-01,30.469999313354492,46.83000183105469,25580.0,28200.0
2016-04-04,29.899999618530273,46.88999938964844,26100.0,27900.0
2016-04-05,29.600000381469727,46.529998779296875,25200.0,27850.0
2016-04-06,29.940000534057617,46.709999084472656,25700.0,27500.0
2016-04-07,29.420000076293945,46.36000061035156,25380.0,26900.0
2016-04-08,29.3700008392334,46.869998931884766,24920.0,27800.0
2016-04-11,29.530000686645508,46.439998626708984,25320.0,27150.0
2016-04-12,29.709999084472656,46.650001525878906,25500.0,27150.0
2016-04-13,30.780000686645508,46.040000915527344,25500.0,27150.0
2016-04-14,30.719999313354492,45.83000183105469,26000.0,27250.0
2016-04-15,30.559999465942383,46.099998474121094,26000.0,27650.0
2016-04-18,31.309999465942383,46.220001220703125,25980.0,27200.0
2016-04-19,31.969999313354492,46.599998474121094,25760.0,27450.0
2016-04-20,32.189998626708984,44.369998931884766,25980.0,27550.0
2016-04-21,32.65999984741211,43.65999984741211,25880.0,27550.0
2016-04-22,32.18000030517578,44.540000915527344,25600.0,27500.0
2016-04-25,31.950000762939453,44.709999084472656,25620.0,27500.0
2016-04-26,32.189998626708984,44.529998779296875,25920.0,29150.0
2016-04-27,32.15999984741211,44.68000030517578,26000.0,29150.0
2016-04-28,32.439998626708984,44.630001068115234,25300.0,27900.0
2016-04-29,31.799999237060547,44.79999923706055,24900.0,28150.0
2016-05-02,31.75,44.97999954223633,25000.0,27850.0
2016-05-03,31.25,44.84000015258789,25220.0,27650.0
2016-05-04,30.59000015258789,44.97999954223633,25800.0,26650.0
2016-05-05,30.540000915527344,45.060001373291016,25800.0,26650.0
2016-05-06,30.959999084472656,45.31999969482422,25800.0,26650.0
2016-05-09,30.780000686645508,45.2400016784668,25980.0,25750.0
2016-05-10,31.350000381469727,45.75,25920.0,26400.0
2016-05-11,31.079999923706055,45.459999084472656,25840.0,26200.0
2016-05-12,31.18000030517578,45.83000183105469,25620.0,26100.0
2016-05-13,30.520000457763672,45.349998474121094,25060.0,26100.0
2016-05-16,30.670000076293945,45.619998931884766,24960.0,26100.0
2016-05-17,30.6299991607666,44.75,25280.0,25900.0
2016-05-18,30.75,44.47999954223633,25360.0,26200.0
2016-05-19,30.31999969482422,44.31999969482422,25400.0,26600.0
2016-05-20,30.56999969482422,43.95000076293945,25380.0,26300.0
2016-05-23,30.59000015258789,43.970001220703125,25720.0,27200.0
2016-05-24,31.049999237060547,44.369998931884766,25420.0,26850.0
2016-05-25,31.649999618530273,44.380001068115234,25900.0,27050.0
2016-05-26,31.290000915527344,44.689998626708984,25920.0,27000.0
2016-05-27,31.389999389648438,44.779998779296875,25640.0,28650.0
2016-05-30,31.389999389648438,44.779998779296875,25600.0,29000.0
2016-05-31,31.280000686645508,44.599998474121094,25840.0,28700.0
2016-06-01,30.219999313354492,44.70000076293945,26660.0,28500.0
2016-06-02,30.260000228881836,44.720001220703125,27300.0,28050.0
2016-06-03,29.600000381469727,45.040000915527344,27540.0,27600.0
2016-06-06,29.989999771118164,45.369998931884766,27540.0,27600.0
2016-06-07,30.229999542236328,45.31999969482422,27960.0,28650.0
2016-06-08,29.56999969482422,45.54999923706055,28120.0,28550.0
2016-06-09,29.360000610351562,45.7599983215332,28600.0,29000.0
2016-06-10,29.059999465942383,45.9900016784668,28120.0,29000.0
2016-06-13,29.079999923706055,45.119998931884766,27420.0,28350.0
2016-06-14,28.829999923706055,45.040000915527344,27600.0,29050.0
2016-06-15,28.860000610351562,45.0099983215332,28260.0,29950.0
2016-06-16,29.020000457763672,45.310001373291016,28180.0,29650.0
2016-06-17,29.229999542236328,44.790000915527344,28520.0,29000.0
2016-06-20,29.649999618530273,44.97999954223633,28620.0,30050.0
2016-06-21,29.510000228881836,45.130001068115234,28960.0,29800.0
2016-06-22,29.31999969482422,44.86000061035156,28900.0,30950.0
2016-06-23,29.81999969482422,45.08000183105469,28600.0,31750.0
2016-06-24,28.350000381469727,43.93000030517578,28000.0,31800.0
2016-06-27,27.510000228881836,43.779998779296875,27960.0,32050.0
2016-06-28,27.739999771118164,44.18000030517578,27980.0,31150.0
2016-06-29,28.170000076293945,44.439998626708984,27920.0,31800.0
2016-06-30,28.299999237060547,45.33000183105469,28500.0,32400.0
2016-07-01,28.889999389648438,45.119998931884766,29320.0,32150.0
2016-07-04,28.889999389648438,45.119998931884766,29320.0,32750.0
2016-07-05,28.170000076293945,45.43000030517578,29380.0,31850.0
2016-07-06,28.399999618530273,45.27000045776367,28420.0,30600.0
2016-07-07,28.739999771118164,45.09000015258789,29000.0,30650.0
2016-07-08,29.65999984741211,45.380001068115234,29200.0,31050.0
2016-07-11,30.1299991607666,45.56999969482422,29780.0,32000.0
2016-07-12,30.600000381469727,45.58000183105469,29280.0,32000.0
2016-07-13,30.6299991607666,45.7400016784668,29620.0,32650.0
2016-07-14,30.760000228881836,45.689998626708984,30000.0,33050.0
2016-07-15,30.770000457763672,45.630001068115234,30360.0,32700.0
2016-07-18,30.8700008392334,45.630001068115234,30660.0,32750.0
2016-07-19,31.25,45.630001068115234,30660.0,32450.0
2016-07-20,31.489999771118164,45.5099983215332,30800.0,32100.0
2016-07-21,32.029998779296875,45.45000076293945,30860.0,32150.0
2016-07-22,32.15999984741211,45.83000183105469,30320.0,32000.0
2016-07-25,32.060001373291016,45.56999969482422,30040.0,32500.0
2016-07-26,32.150001525878906,44.880001068115234,30600.0,32050.0
2016-07-27,32.02000045776367,43.400001525878906,30540.0,33450.0
2016-07-28,30.989999771118164,43.650001525878906,30140.0,33550.0
2016-07-29,31.540000915527344,43.630001068115234,30780.0,34400.0
2016-08-01,31.299999237060547,43.45000076293945,31360.0,34850.0
2016-08-02,29.93000030517578,43.529998779296875,30960.0,33750.0
2016-08-03,30.239999771118164,43.63999938964844,30340.0,33550.0
2016-08-04,30.34000015258789,43.5099983215332,30340.0,33650.0
2016-08-05,30.799999237060547,43.47999954223633,31220.0,34800.0
2016-08-08,30.8799991607666,43.439998626708984,31380.0,34950.0
2016-08-09,31.06999969482422,43.470001220703125,31340.0,35050.0
2016-08-10,31.25,43.61000061035156,30820.0,33800.0
2016-08-11,31.75,43.75,31180.0,34800.0
2016-08-12,31.56999969482422,44.029998779296875,30900.0,34350.0
2016-08-15,31.860000610351562,44.2400016784668,30900.0,34350.0
2016-08-16,31.709999084472656,43.83000183105469,31360.0,33700.0
2016-08-17,31.850000381469727,44.060001373291016,31320.0,33550.0
2016-08-18,31.549999237060547,44.099998474121094,32800.0,34150.0
2016-08-19,31.829999923706055,43.91999816894531,33500.0,35400.0
2016-08-22,31.8700008392334,43.7400016784668,33300.0,36000.0
2016-08-23,31.899999618530273,43.849998474121094,33740.0,35600.0
2016-08-24,31.780000686645508,43.849998474121094,33060.0,35750.0
2016-08-25,31.540000915527344,43.66999816894531,32780.0,35700.0
2016-08-26,31.530000686645508,43.31999969482422,32240.0,36250.0
2016-08-29,31.809999465942383,43.540000915527344,32800.0,36250.0
2016-08-30,31.670000076293945,43.2400016784668,32900.0,36300.0
2016-08-31,31.920000076293945,43.43000030517578,32400.0,36450.0
2016-09-01,31.799999237060547,43.349998474121094,31740.0,36100.0
2016-09-02,32.15999984741211,43.65999984741211,31940.0,36650.0
2016-09-05,32.15999984741211,43.65999984741211,32120.0,37500.0
2016-09-06,32.119998931884766,43.790000915527344,32860.0,38000.0
2016-09-07,31.889999389648438,43.63999938964844,32420.0,37900.0
2016-09-08,31.709999084472656,43.630001068115234,32780.0,38700.0
2016-09-09,30.479999542236328,42.27000045776367,31500.0,38950.0
2016-09-12,31.18000030517578,43.189998626708984,29300.0,37000.0
2016-09-13,30.940000534057617,42.279998779296875,30540.0,37800.0
2016-09-14,30.709999084472656,42.11000061035156,30540.0,37800.0
2016-09-15,31.1200008392334,42.36000061035156,30540.0,37800.0
2016-09-16,30.969999313354492,42.13999938964844,30540.0,37800.0
2016-09-19,31.719999313354492,42.099998474121094,31160.0,39200.0
2016-09-20,31.649999618530273,42.34000015258789,31700.0,39250.0
2016-09-21,32.11000061035156,42.529998779296875,31840.0,39150.0
2016-09-22,32.38999938964844,42.959999084472656,32360.0,39400.0
2016-09-23,32.119998931884766,42.7400016784668,31420.0,39350.0
2016-09-26,31.799999237060547,42.04999923706055,31360.0,39500.0
2016-09-27,31.600000381469727,42.59000015258789,31380.0,41150.0
2016-09-28,31.899999618530273,42.150001525878906,31340.0,41200.0
2016-09-29,31.479999542236328,42.029998779296875,32000.0,40200.0
2016-09-30,31.770000457763672,42.31999969482422,31960.0,40200.0
2016-10-03,32.040000915527344,42.029998779296875,31960.0,40200.0
2016-10-04,32.16999816894531,41.84000015258789,32280.0,41800.0
2016-10-05,32.68000030517578,41.810001373291016,32380.0,42600.0
2016-10-06,32.529998779296875,41.709999084472656,33820.0,42550.0
2016-10-07,32.34000015258789,41.72999954223633,34120.0,42200.0
2016-10-10,32.150001525878906,41.72999954223633,33600.0,41300.0
2016-10-11,31.889999389648438,41.540000915527344,30900.0,41300.0
2016-10-12,31.68000030517578,41.779998779296875,30700.0,41250.0
2016-10-13,31.510000228881836,41.7599983215332,31140.0,40950.0
2016-10-14,31.8700008392334,41.66999816894531,31540.0,41550.0
2016-10-17,31.559999465942383,41.599998474121094,31800.0,42300.0
2016-10-18,31.399999618530273,41.970001220703125,31780.0,41650.0
2016-10-19,31.850000381469727,42.04999923706055,32500.0,40050.0
2016-10-20,31.75,41.93000030517578,32400.0,40050.0
2016-10-21,32.040000915527344,42.130001068115234,31780.0,40950.0
2016-10-24,32.97999954223633,42.560001373291016,32160.0,40150.0
2016-10-25,31.600000381469727,42.540000915527344,31940.0,41050.0
2016-10-26,31.579999923706055,42.439998626708984,31340.0,42900.0
2016-10-27,31.329999923706055,42.119998931884766,31460.0,43000.0
2016-10-28,31.31999969482422,42.22999954223633,32280.0,42450.0
2016-10-31,31.600000381469727,42.400001525878906,32780.0,41000.0
2016-11-01,31.479999542236328,42.119998931884766,33040.0,42000.0
2016-11-02,31.450000762939453,42.04999923706055,32860.0,41000.0
2016-11-03,31.06999969482422,42.029998779296875,32320.0,41150.0
2016-11-04,31.15999984741211,41.689998626708984,32540.0,41200.0
2016-11-07,32.02000045776367,42.459999084472656,32800.0,41500.0
2016-11-08,31.729999542236328,42.880001068115234,32880.0,41500.0
2016-11-09,30.959999084472656,42.27000045776367,31920.0,39650.0
2016-11-10,32.72999954223633,40.939998626708984,32980.0,41000.0
2016-11-11,34.02000045776367,41.029998779296875,31960.0,39850.0
2016-11-14,33.279998779296875,41.16999816894531,31060.0,39700.0
2016-11-15,33.43000030517578,41.439998626708984,30780.0,39700.0
2016-11-16,33.22999954223633,41.2599983215332,31160.0,40850.0
2016-11-17,33.41999816894531,41.119998931884766,31360.0,41900.0
2016-11-18,33.0,40.90999984741211,31720.0,42000.0
2016-11-21,33.0099983215332,41.36000061035156,31860.0,40750.0
2016-11-22,33.810001373291016,41.369998931884766,32800.0,42700.0
2016-11-23,33.86000061035156,41.119998931884766,32980.0,43050.0
2016-11-24,33.86000061035156,41.119998931884766,33000.0,42650.0
2016-11-25,34.25,41.529998779296875,33000.0,42600.0
2016-11-28,34.04999923706055,41.75,33540.0,42600.0
2016-11-29,34.56999969482422,41.150001525878906,33540.0,42400.0
2016-11-30,34.529998779296875,40.349998474121094,34920.0,42900.0
2016-12-01,36.43000030517578,40.16999816894531,34980.0,44200.0
2016-12-02,35.40999984741211,40.36000061035156,34540.0,44400.0
2016-12-05,34.939998626708984,40.619998931884766,34360.0,44400.0
2016-12-06,35.06999969482422,40.56999969482422,34960.0,45200.0
2016-12-07,36.29999923706055,41.290000915527344,35440.0,45250.0
2016-12-08,36.41999816894531,40.97999954223633,35800.0,46250.0
2016-12-09,37.65999984741211,42.0,35600.0,45500.0
2016-12-12,37.099998474121094,41.900001525878906,35040.0,45300.0
2016-12-13,37.36000061035156,41.7599983215332,35320.0,44950.0
2016-12-14,35.95000076293945,41.209999084472656,35540.0,45850.0
2016-12-15,36.2400016784668,41.54999923706055,35180.0,45600.0
2016-12-16,36.369998931884766,41.7400016784668,35860.0,46400.0
2016-12-19,36.400001525878906,41.66999816894531,35900.0,45150.0
2016-12-20,36.61000061035156,41.65999984741211,36240.0,45150.0
2016-12-21,36.41999816894531,41.56999969482422,36100.0,45000.0
2016-12-22,35.689998626708984,41.54999923706055,36180.0,45500.0
2016-12-23,35.689998626708984,41.599998474121094,35640.0,46300.0
2016-12-26,35.689998626708984,41.599998474121094,35960.0,45650.0
2016-12-27,35.540000915527344,41.61000061035156,35980.0,45650.0
2016-12-28,35.150001525878906,41.38999938964844,35760.0,45350.0
2016-12-29,35.13999938964844,41.599998474121094,36040.0,44700.0
2016-12-30,34.84000015258789,41.459999084472656,36040.0,44700.0
2017-01-02,34.84000015258789,41.459999084472656,36100.0,45800.0
2017-01-03,35.150001525878906,41.79999923706055,36480.0,47250.0
2017-01-04,37.09000015258789,41.650001525878906,36160.0,46500.0
2017-01-05,36.38999938964844,41.75,35560.0,46950.0
2017-01-06,35.9900016784668,41.7400016784668,36200.0,48000.0
2017-01-09,36.0099983215332,41.31999969482422,37220.0,49550.0
2017-01-10,37.349998474121094,41.040000915527344,37240.0,49750.0
2017-01-11,37.95000076293945,41.04999923706055,38280.0,51600.0
2017-01-12,37.5099983215332,40.95000076293945,38800.0,50600.0
2017-01-13,37.34000015258789,40.880001068115234,37460.0,50300.0
2017-01-16,37.34000015258789,40.880001068115234,36660.0,49300.0
2017-01-17,37.310001373291016,41.220001220703125,36960.0,49300.0
2017-01-18,37.470001220703125,41.290000915527344,36940.0,48850.0
2017-01-19,37.29999923706055,41.13999938964844,37480.0,49600.0
2017-01-20,37.0099983215332,41.31999969482422,37200.0,49150.0
2017-01-23,36.650001525878906,41.43000030517578,38060.0,50800.0
2017-01-24,37.0,41.900001525878906,38160.0,51600.0
2017-01-25,38.279998779296875,42.119998931884766,39400.0,51700.0
2017-01-26,37.52000045776367,41.810001373291016,39900.0,53300.0
2017-01-27,37.0099983215332,41.45000076293945,39900.0,53300.0
2017-01-30,36.33000183105469,41.380001068115234,39900.0,53300.0
2017-01-31,36.61000061035156,41.56999969482422,39460.0,53700.0
2017-02-01,36.13999938964844,41.2599983215332,39120.0,54000.0
2017-02-02,35.72999954223633,41.400001525878906,39360.0,52800.0
2017-02-03,36.33000183105469,41.540000915527344,39460.0,53700.0
2017-02-06,36.83000183105469,41.560001373291016,39560.0,53700.0
2017-02-07,35.099998474121094,41.900001525878906,38820.0,53300.0
2017-02-08,35.13999938964844,42.02000045776367,38400.0,54600.0
2017-02-09,35.08000183105469,41.25,38400.0,52700.0
2017-02-10,35.16999816894531,40.58000183105469,38360.0,50000.0
2017-02-13,35.52000045776367,40.619998931884766,37960.0,50700.0
2017-02-14,37.2400016784668,40.529998779296875,37580.0,48450.0
2017-02-15,37.08000183105469,40.439998626708984,37720.0,47900.0
2017-02-16,37.029998779296875,41.20000076293945,38020.0,49600.0
2017-02-17,37.220001220703125,41.22999954223633,37860.0,50400.0
2017-02-20,37.220001220703125,41.22999954223633,38660.0,49900.0
2017-02-21,37.810001373291016,41.459999084472656,38940.0,50900.0
2017-02-22,37.84000015258789,41.599998474121094,39300.0,50600.0
2017-02-23,37.25,41.65999984741211,39180.0,50200.0
2017-02-24,36.900001525878906,41.779998779296875,38220.0,47500.0
2017-02-27,37.27000045776367,41.66999816894531,38060.0,46000.0
2017-02-28,36.84000015258789,41.959999084472656,38440.0,46700.0
2017-03-01,37.43000030517578,42.15999984741211,38440.0,46700.0
2017-03-02,37.7599983215332,42.470001220703125,39720.0,47700.0
2017-03-03,38.22999954223633,42.47999954223633,39620.0,47100.0
2017-03-06,37.90999984741211,42.18000030517578,40080.0,49350.0
2017-03-07,37.52000045776367,41.9900016784668,40200.0,48800.0
2017-03-08,37.27000045776367,41.9900016784668,40200.0,48000.0
2017-03-09,36.83000183105469,42.029998779296875,40200.0,48000.0
2017-03-10,36.83000183105469,42.290000915527344,40180.0,49200.0
2017-03-13,36.869998931884766,42.029998779296875,40600.0,51000.0
2017-03-14,36.959999084472656,41.970001220703125,41360.0,50300.0
2017-03-15,37.09000015258789,42.119998931884766,41400.0,48800.0
2017-03-16,37.08000183105469,42.25,41840.0,49150.0
2017-03-17,36.33000183105469,42.029998779296875,42400.0,46750.0
2017-03-20,35.709999084472656,42.18000030517578,41900.0,47600.0
2017-03-21,34.54999923706055,42.5,42560.0,47550.0
2017-03-22,34.38999938964844,42.380001068115234,42460.0,48650.0
2017-03-23,34.2599983215332,42.16999816894531,41800.0,48450.0
2017-03-24,34.560001373291016,42.119998931884766,41500.0,49500.0
2017-03-27,34.709999084472656,42.31999969482422,41200.0,50700.0
2017-03-28,35.560001373291016,42.43000030517578,41480.0,50800.0
2017-03-29,35.540000915527344,42.41999816894531,41780.0,51300.0
2017-03-30,35.40999984741211,42.599998474121094,41980.0,50900.0
2017-03-31,35.36000061035156,42.439998626708984,41200.0,50500.0
2017-04-03,34.16999816894531,42.40999984741211,41440.0,51800.0
2017-04-04,34.27000045776367,42.68000030517578,42080.0,51000.0
2017-04-05,34.0,42.56999969482422,42140.0,50300.0
2017-04-06,34.15999984741211,42.66999816894531,41840.0,49400.0
2017-04-07,33.709999084472656,42.61000061035156,41600.0,49800.0
2017-04-10,33.970001220703125,42.689998626708984,41940.0,49000.0
2017-04-11,33.91999816894531,42.65999984741211,41600.0,48850.0
2017-04-12,33.939998626708984,42.939998626708984,41900.0,49000.0
2017-04-13,33.38999938964844,42.790000915527344,42420.0,49750.0
2017-04-14,33.38999938964844,42.790000915527344,42020.0,49800.0
2017-04-17,33.900001525878906,43.06999969482422,41560.0,49200.0
2017-04-18,33.689998626708984,43.47999954223633,41500.0,50200.0
2017-04-19,33.790000915527344,43.22999954223633,40900.0,49850.0
2017-04-20,34.099998474121094,43.09000015258789,40280.0,51400.0
2017-04-21,33.75,43.06999969482422,40760.0,52000.0
2017-04-24,33.90999984741211,43.279998779296875,41240.0,52400.0
2017-04-25,33.9900016784668,43.11000061035156,42700.0,52400.0
2017-04-26,34.380001068115234,43.2400016784668,42800.0,53700.0
2017-04-27,34.540000915527344,43.0099983215332,43840.0,53600.0
2017-04-28,34.63999938964844,43.150001525878906,44620.0,54000.0
2017-05-01,34.20000076293945,43.220001220703125,44620.0,54000.0
2017-05-02,33.20000076293945,43.38999938964844,44900.0,55400.0
2017-05-03,33.47999954223633,43.31999969482422,44900.0,55400.0
2017-05-04,33.150001525878906,43.65999984741211,45520.0,55900.0
2017-05-05,33.77000045776367,43.689998626708984,45520.0,55900.0
2017-05-08,33.970001220703125,43.88999938964844,47020.0,56900.0
2017-05-09,34.2599983215332,43.5099983215332,47020.0,56900.0
2017-05-10,34.22999954223633,43.56999969482422,45600.0,55600.0
2017-05-11,34.11000061035156,43.66999816894531,45500.0,56400.0
2017-05-12,33.619998931884766,43.59000015258789,45820.0,55300.0
2017-05-15,33.81999969482422,43.72999954223633,46100.0,55600.0
2017-05-16,33.41999816894531,43.849998474121094,46380.0,55300.0
2017-05-17,32.41999816894531,43.93000030517578,46340.0,54700.0
2017-05-18,32.470001220703125,43.79999923706055,45940.0,55700.0
2017-05-19,32.720001220703125,43.900001525878906,44720.0,54200.0
2017-05-22,32.91999816894531,44.18000030517578,45100.0,56000.0
2017-05-23,33.220001220703125,44.38999938964844,44920.0,55100.0
2017-05-24,33.20000076293945,45.029998779296875,44880.0,55800.0
2017-05-25,32.599998474121094,45.40999984741211,45680.0,55800.0
2017-05-26,33.06999969482422,45.38999938964844,46080.0,57100.0
2017-05-29,33.06999969482422,45.38999938964844,45620.0,57900.0
2017-05-30,33.529998779296875,45.43000030517578,44640.0,57400.0
2017-05-31,33.93000030517578,45.470001220703125,44700.0,57000.0
2017-06-01,34.43000030517578,45.790000915527344,44680.0,56400.0
2017-06-02,34.45000076293945,45.88999938964844,45960.0,57100.0
2017-06-05,34.459999084472656,45.9900016784668,45940.0,56100.0
2017-06-06,34.43000030517578,45.97999954223633,45940.0,56100.0
2017-06-07,34.34000015258789,45.5099983215332,45300.0,56500.0
2017-06-08,34.11000061035156,45.130001068115234,45160.0,56700.0
2017-06-09,34.34000015258789,45.31999969482422,46100.0,58300.0
2017-06-12,34.68000030517578,45.33000183105469,45380.0,57500.0
2017-06-13,34.5099983215332,45.029998779296875,45400.0,58800.0
2017-06-14,34.61000061035156,45.29999923706055,45360.0,59300.0
2017-06-15,34.599998474121094,45.25,45680.0,60600.0
2017-06-16,34.290000915527344,45.310001373291016,45580.0,60500.0
2017-06-19,34.349998474121094,45.380001068115234,46560.0,62800.0
2017-06-20,34.400001525878906,45.61000061035156,48140.0,64000.0
2017-06-21,34.130001068115234,45.220001220703125,47480.0,64800.0
2017-06-22,34.189998626708984,45.06999969482422,47960.0,65000.0
2017-06-23,34.20000076293945,45.25,47620.0,65000.0
2017-06-26,34.52000045776367,45.43000030517578,48280.0,67500.0
2017-06-27,34.209999084472656,45.04999923706055,48300.0,69200.0
2017-06-28,34.58000183105469,45.31999969482422,47700.0,67200.0
2017-06-29,34.86000061035156,44.83000183105469,47940.0,68500.0
2017-06-30,34.93000030517578,44.849998474121094,47540.0,67400.0
2017-07-03,35.56999969482422,44.7599983215332,47220.0,66300.0
2017-07-04,35.56999969482422,44.7599983215332,47000.0,65800.0
2017-07-05,35.0099983215332,44.81999969482422,47580.0,68000.0
2017-07-06,34.869998931884766,44.400001525878906,48060.0,68100.0
2017-07-07,34.939998626708984,44.38999938964844,47860.0,66600.0
2017-07-10,35.189998626708984,44.380001068115234,48660.0,67300.0
2017-07-11,35.400001525878906,44.33000183105469,49000.0,69000.0
2017-07-12,35.5,44.5099983215332,49880.0,68900.0
2017-07-13,35.86000061035156,44.43000030517578,50560.0,70600.0
2017-07-14,36.349998474121094,44.68000030517578,50480.0,71100.0
2017-07-17,36.380001068115234,44.72999954223633,50640.0,71200.0
2017-07-18,36.43000030517578,44.66999816894531,50840.0,70800.0
2017-07-19,36.470001220703125,44.83000183105469,50740.0,71000.0
2017-07-20,36.40999984741211,44.81999969482422,51200.0,71300.0
2017-07-21,36.06999969482422,45.029998779296875,51080.0,71200.0
2017-07-24,35.81999969482422,44.84000015258789,50860.0,73000.0
2017-07-25,35.56999969482422,45.2400016784668,50000.0,70400.0
2017-07-26,35.619998931884766,45.7400016784668,49840.0,66800.0
2017-07-27,35.939998626708984,46.119998931884766,49800.0,68400.0
2017-07-28,35.77000045776367,46.0099983215332,47760.0,64600.0
2017-07-31,35.97999954223633,45.84000015258789,48200.0,66000.0
2017-08-01,34.7599983215332,45.70000076293945,48600.0,65500.0
2017-08-02,34.81999969482422,45.59000015258789,49000.0,68000.0
2017-08-03,34.77000045776367,45.66999816894531,47780.0,65500.0
2017-08-04,35.27000045776367,45.5,47700.0,64000.0
2017-08-07,35.29999923706055,45.63999938964844,47580.0,64100.0
2017-08-08,35.38999938964844,45.599998474121094,47720.0,66300.0
2017-08-09,35.279998779296875,45.59000015258789,46280.0,64200.0
2017-08-10,34.880001068115234,45.7400016784668,45900.0,64400.0
2017-08-11,34.93000030517578,45.59000015258789,44620.0,61400.0
2017-08-14,35.470001220703125,45.79999923706055,45000.0,65100.0
2017-08-15,35.540000915527344,46.189998626708984,45000.0,65100.0
2017-08-16,35.75,46.20000076293945,46200.0,66100.0
2017-08-17,35.0,45.86000061035156,47040.0,66400.0
2017-08-18,34.83000183105469,45.66999816894531,46900.0,67000.0
2017-08-21,34.90999984741211,45.68000030517578,46840.0,67200.0
2017-08-22,35.29999923706055,45.599998474121094,47000.0,68200.0
2017-08-23,35.4900016784668,45.540000915527344,47480.0,68000.0
2017-08-24,35.52000045776367,45.40999984741211,47520.0,68100.0
2017-08-25,35.599998474121094,45.56999969482422,47020.0,68400.0
2017-08-28,35.5099983215332,45.41999816894531,46100.0,67900.0
2017-08-29,35.52000045776367,45.45000076293945,46080.0,67600.0
2017-08-30,35.81999969482422,45.38999938964844,46200.0,68500.0
2017-08-31,36.540000915527344,45.54999923706055,46320.0,68600.0
2017-09-01,37.36000061035156,45.779998779296875,46480.0,68700.0
2017-09-04,37.36000061035156,45.779998779296875,46040.0,68100.0
2017-09-05,37.22999954223633,45.91999816894531,46760.0,69900.0
2017-09-06,37.66999816894531,45.959999084472656,47000.0,71700.0
2017-09-07,36.90999984741211,46.279998779296875,48120.0,71400.0
2017-09-08,37.0,46.29999923706055,49080.0,72600.0
2017-09-11,37.349998474121094,46.52000045776367,49800.0,73800.0
2017-09-12,37.88999938964844,46.720001220703125,49600.0,74700.0
2017-09-13,38.209999084472656,46.869998931884766,49620.0,75700.0
2017-09-14,38.790000915527344,46.11000061035156,50300.0,76800.0
2017-09-15,38.880001068115234,46.18000030517578,50400.0,77200.0
2017-09-18,38.59000015258789,46.11000061035156,52480.0,79700.0
2017-09-19,38.70000076293945,45.97999954223633,52120.0,79200.0
2017-09-20,38.880001068115234,45.779998779296875,52220.0,80700.0
2017-09-21,39.099998474121094,45.400001525878906,52800.0,83100.0
2017-09-22,39.41999816894531,45.4900016784668,52800.0,83100.0
2017-09-25,40.29999923706055,45.689998626708984,53620.0,86300.0
2017-09-26,40.2599983215332,45.56999969482422,53620.0,86300.0
2017-09-27,40.58000183105469,44.63999938964844,51680.0,82400.0
2017-09-28,40.58000183105469,44.90999984741211,51260.0,83200.0
2017-09-29,40.380001068115234,45.0099983215332,51280.0,82900.0
2017-10-02,42.150001525878906,44.79999923706055,51280.0,82900.0
2017-10-03,43.45000076293945,45.189998626708984,51280.0,82900.0
2017-10-04,43.779998779296875,45.5,51280.0,82900.0
2017-10-05,43.849998474121094,45.52000045776367,51280.0,82900.0
2017-10-06,44.93000030517578,45.4900016784668,51280.0,82900.0
2017-10-09,45.33000183105469,45.40999984741211,51280.0,82900.0
2017-10-10,45.209999084472656,45.869998931884766,52800.0,88700.0
2017-10-11,45.470001220703125,46.099998474121094,54640.0,89100.0
2017-10-12,44.88999938964844,46.11000061035156,54800.0,88500.0
2017-10-13,45.880001068115234,46.18000030517578,54000.0,86100.0
2017-10-16,45.7599983215332,46.619998931884766,53920.0,84200.0
2017-10-17,45.02000045776367,46.52000045776367,54800.0,83500.0
2017-10-18,45.119998931884766,46.400001525878906,54760.0,80900.0
2017-10-19,45.349998474121094,46.59000015258789,52980.0,79000.0
2017-10-20,45.61000061035156,46.380001068115234,53840.0,81200.0
2017-10-23,45.150001525878906,46.31999969482422,54300.0,84700.0
2017-10-24,46.47999954223633,46.18000030517578,54040.0,81800.0
2017-10-25,45.119998931884766,46.04999923706055,53900.0,81700.0
2017-10-26,45.25,46.22999954223633,52400.0,78700.0
2017-10-27,44.63999938964844,46.06999969482422,53080.0,78400.0
2017-10-30,43.369998931884766,45.86000061035156,54040.0,79800.0
2017-10-31,42.97999954223633,45.97999954223633,55080.0,82200.0
2017-11-01,43.130001068115234,45.79999923706055,57220.0,85300.0
2017-11-02,42.599998474121094,45.880001068115234,57060.0,83400.0
2017-11-03,42.34000015258789,45.970001220703125,56380.0,84400.0
2017-11-06,42.13999938964844,45.470001220703125,56380.0,83500.0
2017-11-07,41.70000076293945,45.939998626708984,56100.0,82400.0
2017-11-08,42.11000061035156,46.18000030517578,56760.0,83200.0
2017-11-09,42.11000061035156,46.22999954223633,56340.0,82400.0
2017-11-10,42.65999984741211,46.540000915527344,56400.0,82000.0
2017-11-13,43.56999969482422,46.720001220703125,56380.0,82300.0
2017-11-14,43.0,47.43000030517578,55920.0,83400.0
2017-11-15,42.86000061035156,46.810001373291016,55340.0,82000.0
2017-11-16,43.599998474121094,46.54999923706055,55780.0,82500.0
2017-11-17,43.880001068115234,45.709999084472656,55820.0,83000.0
2017-11-20,44.880001068115234,45.459999084472656,55200.0,82100.0
2017-11-21,44.970001220703125,45.779998779296875,55280.0,85000.0
2017-11-22,44.290000915527344,45.84000015258789,55960.0,86800.0
2017-11-23,44.290000915527344,45.84000015258789,55300.0,84700.0
2017-11-24,44.459999084472656,45.880001068115234,55460.0,85100.0
2017-11-27,44.16999816894531,45.900001525878906,52640.0,83100.0
2017-11-28,44.91999816894531,45.83000183105469,53280.0,82600.0
2017-11-29,43.810001373291016,45.5,52600.0,82400.0
2017-11-30,43.09000015258789,45.77000045776367,50800.0,76800.0
2017-12-01,42.790000915527344,45.970001220703125,50840.0,77400.0
2017-12-04,43.04999923706055,46.22999954223633,51340.0,79100.0
2017-12-05,42.79999923706055,46.2599983215332,51260.0,77900.0
2017-12-06,42.150001525878906,46.45000076293945,50020.0,77500.0
2017-12-07,42.02000045776367,45.779998779296875,50740.0,76000.0
2017-12-08,42.02000045776367,45.310001373291016,52000.0,78700.0
2017-12-11,41.66999816894531,45.33000183105469,51780.0,78700.0
2017-12-12,41.529998779296875,45.290000915527344,52100.0,77800.0
2017-12-13,41.400001525878906,45.900001525878906,51320.0,76800.0
2017-12-14,40.810001373291016,46.029998779296875,51060.0,76000.0
2017-12-15,40.95000076293945,46.189998626708984,50620.0,75700.0
2017-12-18,42.150001525878906,45.93000030517578,51200.0,77200.0
2017-12-19,42.4900016784668,46.130001068115234,51560.0,80200.0
2017-12-20,42.52000045776367,46.08000183105469,51560.0,80200.0
2017-12-21,42.15999984741211,45.599998474121094,49140.0,77000.0
2017-12-22,42.02000045776367,45.59000015258789,49700.0,76700.0
2017-12-26,41.79999923706055,45.810001373291016,48200.0,74000.0
2017-12-27,41.310001373291016,45.93000030517578,49360.0,75100.0
2017-12-28,41.380001068115234,45.720001220703125,50960.0,76500.0
2017-12-29,40.9900016784668,45.880001068115234,50960.0,76500.0
2018-01-02,41.79999923706055,45.540000915527344,51020.0,76600.0
2018-01-03,42.81999969482422,45.439998626708984,51620.0,77700.0
2018-01-04,44.13999938964844,46.08000183105469,51080.0,77100.0
2018-01-05,44.0099983215332,46.06999969482422,52120.0,79300.0
2018-01-08,44.220001220703125,46.0,52020.0,78200.0
2018-01-09,44.04999923706055,46.22999954223633,50400.0,76900.0
2018-01-10,43.0,46.06999969482422,48840.0,72900.0
2018-01-11,44.189998626708984,46.040000915527344,48240.0,72600.0
2018-01-12,44.06999969482422,46.150001525878906,48200.0,74400.0
2018-01-15,44.06999969482422,46.150001525878906,48540.0,72700.0
2018-01-16,44.189998626708984,46.529998779296875,50000.0,74400.0
2018-01-17,44.029998779296875,46.81999969482422,49620.0,74100.0
2018-01-18,43.86000061035156,46.880001068115234,49900.0,75200.0
2018-01-19,43.150001525878906,47.15999984741211,49320.0,73300.0
2018-01-22,43.290000915527344,47.380001068115234,48240.0,71100.0
2018-01-23,43.380001068115234,47.45000076293945,49160.0,71300.0
2018-01-24,44.15999984741211,47.83000183105469,49340.0,72400.0
2018-01-25,43.15999984741211,47.84000015258789,50260.0,75800.0
2018-01-26,43.4900016784668,48.529998779296875,50780.0,75500.0
2018-01-29,43.02000045776367,47.70000076293945,51220.0,75300.0
2018-01-30,42.70000076293945,47.40999984741211,49800.0,73100.0
2018-01-31,42.40999984741211,47.59000015258789,49900.0,73500.0
2018-02-01,42.43000030517578,47.45000076293945,49820.0,74400.0
2018-02-02,41.0,46.72999954223633,47700.0,72200.0
2018-02-05,39.540000915527344,44.88999938964844,47920.0,70200.0
2018-02-06,41.86000061035156,44.66999816894531,47420.0,70200.0
2018-02-07,42.38999938964844,44.560001373291016,45800.0,71100.0
2018-02-08,40.75,43.099998474121094,46000.0,73900.0
2018-02-09,41.459999084472656,43.130001068115234,44700.0,73400.0
2018-02-12,42.0,43.970001220703125,45720.0,74500.0
2018-02-13,41.400001525878906,44.189998626708984,47540.0,77700.0
2018-02-14,41.810001373291016,44.099998474121094,49000.0,77600.0
2018-02-15,41.849998474121094,44.779998779296875,49000.0,77600.0
2018-02-16,41.09000015258789,44.97999954223633,49000.0,77600.0
2018-02-19,41.09000015258789,44.97999954223633,48380.0,76500.0
2018-02-20,40.77000045776367,43.9900016784668,47400.0,75500.0
2018-02-21,40.560001373291016,43.34000015258789,47280.0,76900.0
2018-02-22,40.90999984741211,43.52000045776367,46760.0,75900.0
2018-02-23,40.90999984741211,44.040000915527344,47220.0,77300.0
2018-02-26,41.540000915527344,44.029998779296875,47380.0,77500.0
2018-02-27,40.16999816894531,43.619998931884766,47380.0,78700.0
2018-02-28,39.349998474121094,43.220001220703125,47060.0,76800.0
2018-03-01,37.790000915527344,43.43000030517578,47060.0,76800.0
2018-03-02,37.43000030517578,43.720001220703125,46020.0,77400.0
2018-03-05,37.7400016784668,43.88999938964844,45200.0,78300.0
2018-03-06,37.93000030517578,43.93000030517578,47020.0,82400.0
2018-03-07,37.7400016784668,43.81999969482422,48620.0,82700.0
2018-03-08,37.84000015258789,44.45000076293945,49200.0,83500.0
2018-03-09,37.84000015258789,44.81999969482422,49740.0,83300.0
2018-03-12,37.83000183105469,44.529998779296875,49740.0,84900.0
2018-03-13,38.0099983215332,44.56999969482422,51660.0,90000.0
2018-03-14,37.689998626708984,43.779998779296875,51760.0,90700.0
2018-03-15,37.849998474121094,43.66999816894531,51540.0,89600.0
2018-03-16,37.939998626708984,43.459999084472656,51140.0,89800.0
2018-03-19,37.0099983215332,43.2599983215332,50740.0,89900.0
2018-03-20,36.88999938964844,43.15999984741211,51200.0,89600.0
2018-03-21,37.58000183105469,43.0,51060.0,88400.0
2018-03-22,36.349998474121094,42.7599983215332,51780.0,88600.0
2018-03-23,35.16999816894531,42.33000183105469,49720.0,83100.0
2018-03-26,35.9900016784668,42.689998626708984,50280.0,84000.0
2018-03-27,34.869998931884766,42.88999938964844,49980.0,81400.0
2018-03-28,35.470001220703125,43.31999969482422,48700.0,80300.0
2018-03-29,36.34000015258789,43.43000030517578,49040.0,80300.0
2018-03-30,36.34000015258789,43.43000030517578,49220.0,81300.0
2018-04-02,35.7599983215332,42.66999816894531,48540.0,81300.0
2018-04-03,36.939998626708984,43.380001068115234,48120.0,81800.0
2018-04-04,38.029998779296875,44.2400016784668,46920.0,80400.0
2018-04-05,38.0,44.400001525878906,48740.0,82900.0
2018-04-06,37.68000030517578,43.91999816894531,48400.0,80300.0
2018-04-09,37.83000183105469,43.83000183105469,49200.0,80600.0
2018-04-10,39.06999969482422,43.9900016784668,48880.0,80400.0
2018-04-11,39.0,43.9900016784668,48860.0,81200.0
2018-04-12,38.83000183105469,44.029998779296875,49000.0,84000.0
2018-04-13,38.72999954223633,44.5099983215332,49800.0,84200.0
2018-04-16,39.16999816894531,44.68000030517578,50340.0,84000.0
2018-04-17,39.220001220703125,44.880001068115234,49980.0,82800.0
2018-04-18,38.93000030517578,44.5099983215332,51360.0,84600.0
2018-04-19,37.77000045776367,44.310001373291016,52780.0,87900.0
2018-04-20,37.61000061035156,43.7400016784668,51620.0,84400.0
2018-04-23,37.689998626708984,43.97999954223633,51900.0,84400.0
2018-04-24,37.93000030517578,43.06999969482422,50460.0,82100.0
2018-04-25,38.11000061035156,42.43000030517578,50400.0,82400.0
2018-04-26,38.25,42.75,52140.0,86500.0
2018-04-27,37.650001525878906,43.310001373291016,53000.0,87100.0
2018-04-30,36.7400016784668,43.209999084472656,53000.0,84500.0
2018-05-01,36.41999816894531,42.59000015258789,53000.0,84500.0
2018-05-02,36.20000076293945,42.060001373291016,53000.0,83100.0
2018-05-03,36.150001525878906,41.88999938964844,53000.0,82900.0
2018-05-04,36.709999084472656,42.36000061035156,51900.0,83000.0
2018-05-07,36.34000015258789,42.13999938964844,51900.0,83000.0
2018-05-08,36.33000183105469,41.810001373291016,52600.0,83500.0
2018-05-09,36.27000045776367,41.779998779296875,50900.0,83400.0
2018-05-10,37.15999984741211,42.18000030517578,51600.0,85800.0
2018-05-11,36.88999938964844,42.13999938964844,51300.0,86100.0
2018-05-14,36.630001068115234,42.040000915527344,50100.0,85400.0
2018-05-15,36.939998626708984,41.720001220703125,49200.0,84600.0
2018-05-16,38.029998779296875,41.54999923706055,49850.0,87000.0
2018-05-17,38.29999923706055,42.29999923706055,49400.0,86700.0
2018-05-18,37.790000915527344,42.18000030517578,49500.0,87900.0
2018-05-21,38.09000015258789,42.40999984741211,50000.0,89100.0
2018-05-22,38.279998779296875,42.25,50000.0,89100.0
2018-05-23,37.849998474121094,42.400001525878906,51800.0,95300.0
2018-05-24,38.38999938964844,42.31999969482422,51400.0,94600.0
2018-05-25,38.29999923706055,42.400001525878906,52700.0,95200.0
2018-05-28,38.29999923706055,42.400001525878906,52300.0,94500.0
2018-05-29,37.380001068115234,42.68000030517578,51300.0,94800.0
2018-05-30,37.83000183105469,43.130001068115234,49500.0,95000.0
2018-05-31,42.70000076293945,43.0,50700.0,93400.0
2018-06-01,43.20000076293945,43.119998931884766,51300.0,91400.0
2018-06-04,43.779998779296875,43.4900016784668,51100.0,89800.0
2018-06-05,43.40999984741211,43.11000061035156,51300.0,91000.0
