Date,KO,MS,005930.KS,000660.KS
2013-01-02,37.599998474121094,19.6200008392334,31520.0,26600.0
2013-01-03,37.599998474121094,19.579999923706055,30860.0,26650.0
2013-01-04,37.65999984741211,20.190000534057617,30500.0,26350.0
2013-01-07,37.29999923706055,19.799999237060547,30400.0,25900.0
2013-01-08,37.040000915527344,19.649999618530273,30000.0,26250.0
2013-01-09,37.029998779296875,19.6200008392334,30000.0,26050.0
2013-01-10,36.959999084472656,20.34000015258789,30600.0,26800.0
2013-01-11,36.90999984741211,20.170000076293945,30660.0,27100.0
2013-01-14,36.9900016784668,20.06999969482422,31040.0,26950.0
2013-01-15,37.31999969482422,20.43000030517578,30240.0,25950.0
2013-01-16,37.31999969482422,20.540000915527344,29840.0,26200.0
2013-01-17,37.5099983215332,20.75,29380.0,25900.0
2013-01-18,37.70000076293945,22.3799991607666,29600.0,25600.0
2013-01-21,37.70000076293945,22.3799991607666,29080.0,25750.0
2013-01-22,37.130001068115234,22.979999542236328,29600.0,25050.0
2013-01-23,37.130001068115234,22.670000076293945,29460.0,24650.0
2013-01-24,37.11000061035156,22.600000381469727,29060.0,24250.0
2013-01-25,37.04999923706055,22.700000762939453,28340.0,24200.0
2013-01-28,37.0099983215332,22.309999465942383,27440.0,24400.0
2013-01-29,37.41999816894531,22.59000015258789,28180.0,24200.0
2013-01-30,37.5,22.979999542236328,28800.0,24350.0
2013-01-31,37.2400016784668,22.850000381469727,28960.0,24400.0
2013-02-01,37.540000915527344,23.510000228881836,28820.0,24200.0
2013-02-04,37.349998474121094,22.8799991607666,28740.0,24300.0
2013-02-05,38.13999938964844,23.399999618530273,28700.0,23700.0
2013-02-06,38.310001373291016,23.389999389648438,28540.0,24500.0
2013-02-07,38.90999984741211,23.100000381469727,28400.0,24850.0
2013-02-08,38.77000045776367,23.31999969482422,29240.0,24750.0
2013-02-11,38.61000061035156,23.280000686645508,29240.0,24750.0
2013-02-12,37.560001373291016,23.6299991607666,29360.0,25000.0
2013-02-13,37.209999084472656,23.6299991607666,29740.0,25500.0
2013-02-14,36.84000015258789,23.829999923706055,29800.0,25700.0
2013-02-15,37.41999816894531,23.8700008392334,29960.0,25650.0
2013-02-18,37.41999816894531,23.8700008392334,29800.0,25900.0
2013-02-19,37.66999816894531,24.31999969482422,29840.0,25850.0
2013-02-20,37.72999954223633,23.420000076293945,30900.0,26500.0
2013-02-21,37.709999084472656,22.829999923706055,31000.0,26600.0
2013-02-22,38.52000045776367,23.579999923706055,30600.0,26400.0
2013-02-25,37.720001220703125,22.030000686645508,30600.0,26300.0
2013-02-26,38.11000061035156,22.440000534057617,30540.0,26550.0
2013-02-27,38.45000076293945,22.899999618530273,30540.0,26250.0
2013-02-28,38.720001220703125,22.549999237060547,30880.0,26500.0
2013-03-01,38.70000076293945,22.43000030517578,30880.0,26500.0
2013-03-04,38.81999969482422,22.600000381469727,30780.0,26000.0
2013-03-05,38.68000030517578,22.739999771118164,31000.0,27000.0
2013-03-06,39.02000045776367,22.90999984741211,31200.0,28000.0
2013-03-07,39.119998931884766,23.219999313354492,30400.0,28150.0
2013-03-08,39.220001220703125,23.030000686645508,29980.0,28250.0
2013-03-11,39.310001373291016,23.100000381469727,30160.0,28600.0
2013-03-12,38.959999084472656,22.670000076293945,29880.0,28100.0
2013-03-13,38.59000015258789,22.780000686645508,30540.0,28300.0
2013-03-14,39.02000045776367,22.799999237060547,30400.0,28900.0
2013-03-15,38.83000183105469,23.59000015258789,29600.0,28800.0
2013-03-18,38.7599983215332,22.989999771118164,28900.0,28400.0
2013-03-19,39.33000183105469,22.389999389648438,29500.0,28650.0
2013-03-20,39.869998931884766,22.739999771118164,29200.0,28600.0
2013-03-21,40.06999969482422,22.059999465942383,29140.0,28050.0
2013-03-22,40.040000915527344,22.18000030517578,29100.0,28300.0
2013-03-25,40.119998931884766,21.969999313354492,29900.0,29050.0
2013-03-26,40.689998626708984,22.219999313354492,30180.0,29500.0
2013-03-27,40.220001220703125,22.290000915527344,30080.0,29450.0
2013-03-28,40.439998626708984,21.979999542236328,30200.0,29250.0
2013-03-29,40.439998626708984,21.979999542236328,30540.0,28750.0
2013-04-01,40.45000076293945,21.65999984741211,30240.0,28650.0
2013-04-02,40.720001220703125,21.700000762939453,30500.0,28400.0
2013-04-03,40.16999816894531,21.110000610351562,30420.0,28900.0
2013-04-04,40.540000915527344,21.329999923706055,30120.0,29200.0
2013-04-05,40.08000183105469,21.559999465942383,30100.0,28550.0
2013-04-08,40.86000061035156,21.739999771118164,30400.0,27900.0
2013-04-09,40.709999084472656,21.739999771118164,30560.0,27800.0
2013-04-10,41.06999969482422,22.219999313354492,30420.0,27950.0
2013-04-11,41.18000030517578,22.270000457763672,30800.0,29000.0
2013-04-12,41.08000183105469,21.81999969482422,30340.0,28800.0
2013-04-15,40.09000015258789,21.479999542236328,30460.0,29150.0
2013-04-16,42.369998931884766,21.850000381469727,30560.0,29100.0
2013-04-17,42.54999923706055,21.469999313354492,30360.0,28750.0
2013-04-18,42.099998474121094,20.309999465942383,29660.0,27900.0
2013-04-19,42.65999984741211,20.579999923706055,29500.0,28800.0
2013-04-22,42.720001220703125,20.709999084472656,30060.0,29000.0
2013-04-23,42.70000076293945,21.610000610351562,29660.0,28850.0
2013-04-24,42.150001525878906,21.450000762939453,29720.0,29100.0
2013-04-25,42.349998474121094,21.43000030517578,29880.0,29500.0
2013-04-26,42.099998474121094,21.399999618530273,29720.0,29450.0
2013-04-29,42.2400016784668,22.209999084472656,29620.0,29550.0
2013-04-30,42.33000183105469,22.149999618530273,30400.0,29900.0
2013-05-01,42.209999084472656,21.850000381469727,30400.0,29900.0
2013-05-02,41.959999084472656,22.290000915527344,30560.0,29450.0
2013-05-03,42.2400016784668,22.760000228881836,30700.0,29550.0
2013-05-06,42.08000183105469,23.280000686645508,30280.0,28900.0
2013-05-07,42.70000076293945,23.270000457763672,29860.0,28600.0
2013-05-08,42.459999084472656,23.670000076293945,29760.0,28550.0
2013-05-09,42.119998931884766,23.40999984741211,30300.0,29050.0
2013-05-10,42.150001525878906,23.940000534057617,29520.0,29100.0
2013-05-13,42.189998626708984,23.68000030517578,29540.0,29100.0
2013-05-14,42.52000045776367,24.270000457763672,30000.0,29500.0
2013-05-15,42.91999816894531,24.860000610351562,30000.0,29750.0
2013-05-16,43.09000015258789,24.579999923706055,30160.0,30050.0
2013-05-17,42.970001220703125,25.190000534057617,30160.0,30050.0
2013-05-20,42.380001068115234,25.06999969482422,29940.0,30700.0
2013-05-21,42.34000015258789,25.1200008392334,29840.0,30600.0
2013-05-22,42.25,24.700000762939453,30180.0,31300.0
2013-05-23,41.93000030517578,24.25,29680.0,31400.0
2013-05-24,42.2400016784668,24.350000381469727,29720.0,31400.0
2013-05-27,42.2400016784668,24.350000381469727,29780.0,31400.0
2013-05-28,42.54999923706055,24.729999542236328,29680.0,31400.0
2013-05-29,41.400001525878906,24.979999542236328,30240.0,32000.0
2013-05-30,40.77000045776367,25.81999969482422,30880.0,31850.0
2013-05-31,39.9900016784668,25.899999618530273,30760.0,32200.0
2013-06-03,40.810001373291016,25.649999618530273,30640.0,31900.0
2013-06-04,41.41999816894531,25.469999313354492,30800.0,32250.0
2013-06-05,40.650001525878906,25.030000686645508,30420.0,31150.0
2013-06-06,40.790000915527344,25.40999984741211,30420.0,31150.0
2013-06-07,41.40999984741211,27.0,28540.0,31100.0
2013-06-10,41.18000030517578,27.149999618530273,28500.0,32650.0
2013-06-11,40.790000915527344,26.09000015258789,27780.0,32500.0
2013-06-12,40.38999938964844,25.56999969482422,27700.0,32350.0
2013-06-13,40.40999984741211,26.3700008392334,27140.0,32050.0
2013-06-14,40.34000015258789,25.829999923706055,27380.0,31500.0
2013-06-17,40.68000030517578,26.209999084472656,27320.0,30450.0
2013-06-18,40.93000030517578,26.31999969482422,27740.0,31750.0
2013-06-19,40.40999984741211,26.110000610351562,27380.0,31900.0
2013-06-20,39.130001068115234,25.149999618530273,26580.0,31050.0
2013-06-21,39.7599983215332,24.90999984741211,26500.0,30800.0
2013-06-24,39.529998779296875,24.399999618530273,26260.0,29750.0
2013-06-25,39.720001220703125,25.030000686645508,25940.0,29500.0
2013-06-26,40.33000183105469,24.8799991607666,25220.0,30250.0
2013-06-27,40.2599983215332,25.040000915527344,26780.0,30650.0
2013-06-28,40.11000061035156,24.43000030517578,26840.0,31200.0
2013-07-01,40.459999084472656,24.59000015258789,26520.0,31550.0
2013-07-02,40.369998931884766,24.440000534057617,26700.0,28800.0
2013-07-03,40.4900016784668,24.040000915527344,26020.0,28750.0
2013-07-04,40.4900016784668,24.040000915527344,26340.0,28750.0
2013-07-05,40.52000045776367,24.56999969482422,25340.0,28400.0
2013-07-08,40.540000915527344,24.8799991607666,24520.0,27800.0
2013-07-09,40.83000183105469,25.440000534057617,24740.0,28350.0
2013-07-10,40.68000030517578,25.34000015258789,24960.0,27500.0
2013-07-11,41.029998779296875,25.549999237060547,26240.0,28400.0
2013-07-12,41.029998779296875,26.1299991607666,26240.0,28500.0
2013-07-15,41.0099983215332,26.690000534057617,26260.0,28450.0
2013-07-16,40.22999954223633,26.3799991607666,25960.0,28450.0
2013-07-17,40.84000015258789,26.540000915527344,26400.0,28600.0
2013-07-18,40.810001373291016,27.700000762939453,25840.0,29200.0
2013-07-19,41.09000015258789,27.600000381469727,25460.0,28400.0
2013-07-22,40.84000015258789,27.610000610351562,25460.0,28000.0
2013-07-23,40.959999084472656,27.809999465942383,26140.0,28200.0
2013-07-24,40.86000061035156,27.729999542236328,26300.0,28550.0
2013-07-25,40.84000015258789,27.760000228881836,26300.0,28600.0
2013-07-26,40.63999938964844,27.700000762939453,26060.0,28150.0
2013-07-29,40.279998779296875,27.309999465942383,25660.0,27000.0
2013-07-30,40.31999969482422,27.06999969482422,25800.0,27100.0
2013-07-31,40.08000183105469,27.209999084472656,25600.0,27200.0
2013-08-01,40.56999969482422,27.920000076293945,25600.0,27400.0
2013-08-02,40.220001220703125,27.850000381469727,25720.0,27450.0
2013-08-05,40.290000915527344,27.850000381469727,25480.0,27400.0
2013-08-06,40.369998931884766,27.309999465942383,25080.0,27550.0
2013-08-07,40.150001525878906,27.06999969482422,24440.0,26550.0
2013-08-08,40.20000076293945,26.920000076293945,24340.0,26200.0
2013-08-09,40.15999984741211,26.760000228881836,24600.0,26650.0
2013-08-12,39.83000183105469,26.6200008392334,24640.0,27000.0
2013-08-13,39.650001525878906,26.959999084472656,25800.0,28300.0
2013-08-14,39.529998779296875,26.790000915527344,26000.0,29150.0
2013-08-15,39.09000015258789,26.360000610351562,26000.0,29150.0
2013-08-16,39.04999923706055,26.469999313354492,25900.0,28700.0
2013-08-19,38.779998779296875,25.809999465942383,25720.0,28550.0
2013-08-20,38.650001525878906,26.309999465942383,25380.0,28500.0
2013-08-21,38.279998779296875,26.010000228881836,25120.0,28200.0
2013-08-22,38.310001373291016,26.219999313354492,25100.0,28050.0
2013-08-23,38.52000045776367,26.31999969482422,25900.0,28500.0
2013-08-26,38.119998931884766,26.3799991607666,26000.0,28350.0
2013-08-27,38.150001525878906,25.450000762939453,26080.0,27950.0
2013-08-28,38.349998474121094,25.579999923706055,26180.0,27700.0
2013-08-29,38.099998474121094,25.90999984741211,26880.0,27450.0
2013-08-30,38.18000030517578,25.760000228881836,27360.0,28250.0
2013-09-02,38.18000030517578,25.760000228881836,27020.0,28300.0
2013-09-03,37.900001525878906,26.270000457763672,26740.0,28450.0
2013-09-04,38.540000915527344,26.510000228881836,26800.0,28650.0
2013-09-05,38.2400016784668,26.649999618530273,27300.0,28150.0
2013-09-06,38.349998474121094,26.809999465942383,27380.0,27100.0
2013-09-09,38.52000045776367,27.440000534057617,27460.0,28450.0
2013-09-10,38.630001068115234,28.040000915527344,27920.0,28950.0
2013-09-11,38.779998779296875,28.25,28040.0,28900.0
2013-09-12,38.439998626708984,28.020000457763672,28200.0,28900.0
2013-09-13,38.689998626708984,28.1299991607666,28120.0,29000.0
2013-09-16,38.86000061035156,28.729999542236328,28500.0,29800.0
2013-09-17,38.790000915527344,29.010000228881836,27720.0,30300.0
2013-09-18,39.59000015258789,29.020000457763672,27720.0,30300.0
2013-09-19,39.310001373291016,28.600000381469727,27720.0,30300.0
2013-09-20,39.400001525878906,28.190000534057617,27720.0,30300.0
2013-09-23,38.630001068115234,27.219999313354492,27200.0,30550.0
2013-09-24,38.529998779296875,27.270000457763672,27460.0,30500.0
2013-09-25,38.33000183105469,27.219999313354492,27280.0,29750.0
2013-09-26,38.7400016784668,27.149999618530273,27440.0,30350.0
2013-09-27,38.400001525878906,27.079999923706055,27320.0,30350.0
2013-09-30,37.880001068115234,26.950000762939453,27340.0,30250.0
2013-10-01,37.95000076293945,27.139999389648438,27640.0,29950.0
2013-10-02,37.43000030517578,27.1200008392334,28360.0,31150.0
2013-10-03,37.15999984741211,26.850000381469727,28360.0,31150.0
2013-10-04,37.20000076293945,26.989999771118164,28360.0,32450.0
2013-10-07,37.04999923706055,26.84000015258789,28720.0,32900.0
2013-10-08,37.279998779296875,26.549999237060547,28600.0,32750.0
2013-10-09,37.08000183105469,26.770000457763672,28600.0,32750.0
2013-10-10,37.779998779296875,27.639999389648438,28600.0,33600.0
2013-10-11,37.77000045776367,27.950000762939453,28860.0,33350.0
2013-10-14,37.90999984741211,28.18000030517578,28760.0,33100.0
2013-10-15,37.65999984741211,27.989999771118164,29140.0,33450.0
2013-10-16,38.0,28.6299991607666,29000.0,33400.0
2013-10-17,38.54999923706055,28.93000030517578,29260.0,33800.0
2013-10-18,38.779998779296875,29.690000534057617,29440.0,34600.0
2013-10-21,38.81999969482422,29.43000030517578,29280.0,34100.0
2013-10-22,39.09000015258789,29.459999084472656,29100.0,32600.0
2013-10-23,39.09000015258789,29.079999923706055,28840.0,32500.0
2013-10-24,38.79999923706055,29.389999389648438,28980.0,33100.0
2013-10-25,39.029998779296875,29.229999542236328,28980.0,32600.0
2013-10-28,39.61000061035156,28.969999313354492,29640.0,33100.0
2013-10-29,39.79999923706055,29.360000610351562,29800.0,31950.0
2013-10-30,39.619998931884766,29.110000610351562,30000.0,32850.0
2013-10-31,39.56999969482422,28.729999542236328,29300.0,31950.0
2013-11-01,39.61000061035156,29.200000762939453,30000.0,33250.0
2013-11-04,39.5099983215332,29.34000015258789,29980.0,33050.0
2013-11-05,39.5,28.989999771118164,29700.0,32550.0
2013-11-06,40.04999923706055,29.1299991607666,29020.0,32500.0
2013-11-07,39.83000183105469,28.719999313354492,28740.0,32350.0
2013-11-08,40.04999923706055,29.440000534057617,28200.0,32250.0
2013-11-11,39.869998931884766,30.09000015258789,28560.0,31500.0
2013-11-12,39.880001068115234,29.760000228881836,29120.0,31950.0
2013-11-13,40.119998931884766,30.049999237060547,28380.0,31550.0
2013-11-14,40.209999084472656,30.34000015258789,28480.0,32300.0
2013-11-15,40.220001220703125,30.299999237060547,29240.0,33700.0
2013-11-18,40.16999816894531,30.329999923706055,29480.0,33750.0
2013-11-19,40.13999938964844,30.34000015258789,29780.0,33450.0
2013-11-20,40.060001373291016,30.270000457763672,29400.0,32500.0
2013-11-21,40.43000030517578,30.889999389648438,28800.0,32050.0
2013-11-22,40.43000030517578,31.34000015258789,29000.0,32400.0
2013-11-25,40.369998931884766,31.540000915527344,29300.0,33250.0
2013-11-26,40.25,31.389999389648438,29580.0,33600.0
2013-11-27,40.189998626708984,31.40999984741211,29400.0,34600.0
2013-11-28,40.189998626708984,31.40999984741211,29880.0,35450.0
2013-11-29,40.189998626708984,31.299999237060547,29880.0,35400.0
2013-12-02,40.08000183105469,31.43000030517578,29340.0,35700.0
2013-12-03,40.349998474121094,30.969999313354492,29220.0,34700.0
2013-12-04,40.369998931884766,31.1299991607666,28640.0,34800.0
2013-12-05,39.83000183105469,30.209999084472656,28800.0,34250.0
2013-12-06,40.459999084472656,30.459999084472656,28560.0,35500.0
2013-12-09,40.400001525878906,30.389999389648438,29080.0,36350.0
2013-12-10,39.849998474121094,30.770000457763672,28800.0,36500.0
2013-12-11,40.130001068115234,30.1200008392334,28400.0,36800.0
2013-12-12,39.209999084472656,30.479999542236328,28200.0,36450.0
2013-12-13,39.22999954223633,31.09000015258789,27800.0,36500.0
2013-12-16,39.27000045776367,30.920000076293945,28000.0,37150.0
2013-12-17,39.099998474121094,30.520000457763672,27900.0,36600.0
2013-12-18,40.02000045776367,31.6200008392334,28020.0,35550.0
2013-12-19,39.86000061035156,30.860000610351562,28540.0,34900.0
2013-12-20,40.040000915527344,30.93000030517578,28540.0,35300.0
2013-12-23,40.15999984741211,31.110000610351562,28660.0,37000.0
2013-12-24,40.189998626708984,31.010000228881836,28300.0,36750.0
2013-12-26,40.4900016784668,31.100000381469727,28160.0,36000.0
2013-12-27,40.65999984741211,31.059999465942383,27920.0,36650.0
2013-12-30,41.09000015258789,30.850000381469727,27440.0,36800.0
2013-12-31,41.310001373291016,31.360000610351562,27440.0,36800.0
2014-01-02,40.65999984741211,31.030000686645508,26180.0,35550.0
2014-01-03,40.459999084472656,31.510000228881836,25920.0,36300.0
2014-01-06,40.27000045776367,31.6200008392334,26140.0,37650.0
2014-01-07,40.38999938964844,31.520000457763672,26080.0,37800.0
2014-01-08,39.939998626708984,31.559999465942383,25820.0,39000.0
2014-01-09,39.72999954223633,31.549999237060547,25500.0,38850.0
2014-01-10,40.130001068115234,31.299999237060547,25440.0,38500.0
2014-01-13,39.529998779296875,30.8700008392334,25900.0,38150.0
2014-01-14,39.689998626708984,31.100000381469727,26260.0,38400.0
2014-01-15,39.7599983215332,32.220001220703125,25980.0,36650.0
2014-01-16,39.709999084472656,32.0,26020.0,36550.0
2014-01-17,39.279998779296875,33.400001525878906,25840.0,36000.0
2014-01-20,39.279998779296875,33.400001525878906,26320.0,36850.0
2014-01-21,39.91999816894531,32.630001068115234,26480.0,36400.0
2014-01-22,39.900001525878906,32.290000915527344,26560.0,36300.0
2014-01-23,39.2400016784668,31.479999542236328,25980.0,35400.0
2014-01-24,38.84000015258789,30.450000762939453,26140.0,35900.0
2014-01-27,38.72999954223633,29.969999313354492,25840.0,35250.0
2014-01-28,38.869998931884766,30.1299991607666,25660.0,36800.0
2014-01-29,37.900001525878906,29.940000534057617,25600.0,37850.0
2014-01-30,38.16999816894531,29.979999542236328,25600.0,37850.0
2014-01-31,37.81999969482422,29.510000228881836,25600.0,37850.0
2014-02-03,37.20000076293945,28.950000762939453,25440.0,37950.0
2014-02-04,37.47999954223633,29.020000457763672,24980.0,36500.0
2014-02-05,37.61000061035156,29.18000030517578,24740.0,36650.0
2014-02-06,38.029998779296875,29.690000534057617,25180.0,38600.0
2014-02-07,37.95000076293945,29.690000534057617,25500.0,39300.0
2014-02-10,38.56999969482422,29.700000762939453,25540.0,39000.0
2014-02-11,38.63999938964844,30.270000457763672,26220.0,39000.0
2014-02-12,38.5099983215332,30.15999984741211,26140.0,39850.0
2014-02-13,38.650001525878906,29.90999984741211,25960.0,39900.0
2014-02-14,38.93000030517578,29.690000534057617,26020.0,39050.0
2014-02-17,38.93000030517578,29.690000534057617,25700.0,38700.0
2014-02-18,37.470001220703125,29.559999465942383,25900.0,38800.0
2014-02-19,37.099998474121094,28.959999084472656,25800.0,39150.0
2014-02-20,37.29999923706055,29.329999923706055,25720.0,38800.0
2014-02-21,37.18000030517578,29.6200008392334,26600.0,39300.0
2014-02-24,37.5,30.309999465942383,26560.0,38850.0
2014-02-25,37.77000045776367,29.709999084472656,26680.0,38650.0
2014-02-26,37.869998931884766,29.940000534057617,26840.0,39250.0
2014-02-27,38.06999969482422,30.360000610351562,26820.0,39500.0
2014-02-28,38.20000076293945,30.799999237060547,26980.0,38750.0
2014-03-03,38.119998931884766,30.260000228881836,26500.0,38950.0
2014-03-04,38.310001373291016,31.100000381469727,26300.0,38950.0
2014-03-05,38.349998474121094,31.969999313354492,26600.0,39450.0
2014-03-06,38.470001220703125,31.84000015258789,26520.0,39100.0
2014-03-07,38.54999923706055,32.209999084472656,26780.0,38550.0
2014-03-10,38.650001525878906,32.130001068115234,26400.0,37700.0
2014-03-11,38.79999923706055,31.700000762939453,26440.0,37750.0
2014-03-12,38.470001220703125,31.440000534057617,25880.0,37400.0
2014-03-13,37.970001220703125,31.440000534057617,25800.0,38050.0
2014-03-14,38.16999816894531,31.100000381469727,25500.0,37950.0
2014-03-17,38.27000045776367,31.3700008392334,25320.0,36700.0
2014-03-18,38.400001525878906,31.649999618530273,25560.0,36350.0
2014-03-19,38.13999938964844,31.809999465942383,25380.0,37000.0
2014-03-20,38.45000076293945,32.790000915527344,25240.0,36950.0
2014-03-21,38.439998626708984,32.599998474121094,25460.0,38700.0
2014-03-24,38.400001525878906,32.439998626708984,25460.0,38150.0
2014-03-25,38.619998931884766,31.59000015258789,24940.0,37600.0
2014-03-26,38.61000061035156,31.219999313354492,25700.0,38400.0
2014-03-27,38.81999969482422,30.899999618530273,26660.0,37700.0
2014-03-28,38.95000076293945,30.90999984741211,26700.0,37050.0
2014-03-31,38.65999984741211,31.170000076293945,26860.0,36000.0
2014-04-01,38.40999984741211,31.209999084472656,26780.0,37000.0
2014-04-02,38.33000183105469,31.40999984741211,27140.0,37050.0
2014-04-03,38.06999969482422,30.950000762939453,27800.0,36550.0
2014-04-04,38.220001220703125,30.3700008392334,27600.0,37250.0
2014-04-07,38.619998931884766,29.520000457763672,27940.0,37000.0
2014-04-08,38.900001525878906,29.530000686645508,27880.0,36750.0
2014-04-09,38.9900016784668,30.219999313354492,27420.0,37650.0
2014-04-10,38.88999938964844,29.25,27600.0,37700.0
2014-04-11,38.630001068115234,28.469999313354492,27300.0,37050.0
2014-04-14,38.72999954223633,29.059999465942383,27400.0,36900.0
2014-04-15,40.18000030517578,29.549999237060547,27400.0,37400.0
2014-04-16,40.59000015258789,29.889999389648438,27600.0,37650.0
2014-04-17,40.720001220703125,30.760000228881836,27400.0,38050.0
2014-04-18,40.720001220703125,30.760000228881836,27560.0,39200.0
2014-04-21,40.75,30.979999542236328,27600.0,39400.0
2014-04-22,40.709999084472656,31.200000762939453,27500.0,39800.0
2014-04-23,40.72999954223633,31.040000915527344,27780.0,40750.0
2014-04-24,40.70000076293945,30.940000534057617,28140.0,40900.0
2014-04-25,41.0099983215332,30.579999923706055,27980.0,40750.0
2014-04-28,41.029998779296875,29.989999771118164,27760.0,40500.0
2014-04-29,40.56999969482422,30.520000457763672,27200.0,39700.0
2014-04-30,40.790000915527344,30.93000030517578,26860.0,40150.0
2014-05-01,40.779998779296875,31.219999313354492,26860.0,40150.0
2014-05-02,40.95000076293945,30.690000534057617,26920.0,40650.0
2014-05-05,40.7599983215332,30.06999969482422,26920.0,40650.0
2014-05-06,40.4900016784668,29.459999084472656,26920.0,40650.0
2014-05-07,40.90999984741211,29.700000762939453,26880.0,41100.0
2014-05-08,40.72999954223633,29.690000534057617,27000.0,40650.0
2014-05-09,40.869998931884766,29.68000030517578,26700.0,41150.0
2014-05-12,40.81999969482422,30.329999923706055,27760.0,41400.0
2014-05-13,41.11000061035156,30.329999923706055,28000.0,41700.0
2014-05-14,40.88999938964844,30.25,28300.0,42100.0
2014-05-15,40.52000045776367,29.770000457763672,28200.0,42000.0
2014-05-16,40.88999938964844,30.139999389648438,28560.0,42250.0
2014-05-19,40.709999084472656,30.15999984741211,28960.0,40900.0
2014-05-20,40.58000183105469,29.709999084472656,29020.0,42000.0
2014-05-21,40.869998931884766,30.010000228881836,28820.0,41900.0
2014-05-22,40.58000183105469,30.389999389648438,28520.0,42400.0
2014-05-23,40.58000183105469,30.489999771118164,28560.0,42350.0
2014-05-26,40.58000183105469,30.489999771118164,28440.0,42400.0
2014-05-27,40.77000045776367,31.1200008392334,28140.0,42200.0
2014-05-28,40.58000183105469,30.93000030517578,28660.0,42600.0
2014-05-29,40.65999984741211,31.1299991607666,29200.0,42600.0
2014-05-30,40.90999984741211,30.860000610351562,28860.0,44150.0
2014-06-02,40.86000061035156,30.899999618530273,29100.0,44700.0
2014-06-03,40.880001068115234,30.850000381469727,29400.0,44650.0
2014-06-04,40.790000915527344,31.200000762939453,29400.0,44650.0
2014-06-05,40.88999938964844,31.6299991607666,29140.0,46450.0
2014-06-06,40.9900016784668,31.950000762939453,29140.0,46450.0
2014-06-09,40.90999984741211,31.979999542236328,28180.0,46100.0
2014-06-10,41.06999969482422,32.08000183105469,28720.0,47350.0
2014-06-11,40.86000061035156,31.690000534057617,28440.0,47000.0
2014-06-12,40.41999816894531,31.729999542236328,28260.0,47400.0
2014-06-13,40.369998931884766,31.59000015258789,27340.0,47050.0
2014-06-16,40.65999984741211,31.709999084472656,27480.0,48350.0
2014-06-17,40.91999816894531,32.5,27480.0,49350.0
2014-06-18,41.560001373291016,32.65999984741211,27160.0,49000.0
2014-06-19,41.790000915527344,32.540000915527344,26460.0,50700.0
2014-06-20,41.689998626708984,32.290000915527344,26020.0,49400.0
2014-06-23,41.72999954223633,32.52000045776367,26440.0,48900.0
2014-06-24,41.849998474121094,32.029998779296875,26900.0,50300.0
2014-06-25,41.959999084472656,32.22999954223633,26400.0,49800.0
2014-06-26,42.029998779296875,31.889999389648438,26500.0,48750.0
2014-06-27,42.189998626708984,31.549999237060547,26220.0,47500.0
2014-06-30,42.36000061035156,32.33000183105469,26440.0,48550.0
2014-07-01,42.290000915527344,32.31999969482422,26200.0,48450.0
2014-07-02,42.290000915527344,32.4900016784668,26600.0,50400.0
2014-07-03,42.22999954223633,32.619998931884766,26360.0,50900.0
2014-07-04,42.22999954223633,32.619998931884766,26120.0,50400.0
2014-07-07,42.13999938964844,32.38999938964844,25840.0,51600.0
2014-07-08,41.939998626708984,31.75,25900.0,51900.0
2014-07-09,41.95000076293945,32.0099983215332,26160.0,49750.0
2014-07-10,42.2599983215332,31.68000030517578,26120.0,49300.0
2014-07-11,41.970001220703125,31.40999984741211,25680.0,48950.0
2014-07-14,42.380001068115234,31.809999465942383,25720.0,49350.0
2014-07-15,42.099998474121094,32.0,26400.0,49750.0
2014-07-16,42.119998931884766,32.5,26420.0,51000.0
2014-07-17,42.02000045776367,32.29999923706055,26600.0,51500.0
2014-07-18,42.43000030517578,32.63999938964844,26860.0,50800.0
2014-07-21,42.400001525878906,32.54999923706055,27060.0,50500.0
2014-07-22,41.189998626708984,32.90999984741211,26960.0,51000.0
2014-07-23,40.810001373291016,33.349998474121094,26760.0,49450.0
2014-07-24,40.970001220703125,33.400001525878906,27100.0,47550.0
2014-07-25,41.0,33.2400016784668,27100.0,47500.0
2014-07-28,40.68000030517578,33.06999969482422,27160.0,46550.0
2014-07-29,40.349998474121094,32.650001525878906,27720.0,44400.0
2014-07-30,39.619998931884766,33.34000015258789,27900.0,46750.0
2014-07-31,39.290000915527344,32.34000015258789,26860.0,45450.0
2014-08-01,39.290000915527344,31.600000381469727,25840.0,46300.0
2014-08-04,39.400001525878906,31.829999923706055,26340.0,47850.0
2014-08-05,39.18000030517578,31.40999984741211,26320.0,47300.0
2014-08-06,39.91999816894531,31.559999465942383,26000.0,45400.0
2014-08-07,39.349998474121094,31.360000610351562,25800.0,45200.0
2014-08-08,39.45000076293945,31.950000762939453,25000.0,44200.0
2014-08-11,39.56999969482422,32.08000183105469,25400.0,45000.0
2014-08-12,39.68000030517578,32.0099983215332,25320.0,43250.0
2014-08-13,39.939998626708984,32.02000045776367,25280.0,43900.0
2014-08-14,40.18000030517578,32.16999816894531,25220.0,43550.0
2014-08-15,40.880001068115234,32.220001220703125,25220.0,43550.0
2014-08-18,41.349998474121094,32.61000061035156,25000.0,43850.0
2014-08-19,41.2599983215332,32.529998779296875,25080.0,43800.0
2014-08-20,41.25,32.540000915527344,25220.0,45350.0
2014-08-21,41.40999984741211,33.029998779296875,24700.0,45850.0
2014-08-22,41.119998931884766,33.470001220703125,24940.0,45950.0
2014-08-25,41.40999984741211,34.20000076293945,24560.0,47150.0
2014-08-26,41.599998474121094,34.400001525878906,24440.0,46700.0
2014-08-27,41.599998474121094,34.130001068115234,24600.0,45350.0
2014-08-28,41.630001068115234,34.060001373291016,24840.0,45600.0
2014-08-29,41.720001220703125,34.310001373291016,24680.0,45400.0
2014-09-01,41.720001220703125,34.310001373291016,24520.0,44500.0
2014-09-02,41.63999938964844,34.54999923706055,23880.0,44050.0
2014-09-03,41.779998779296875,34.560001373291016,23780.0,41800.0
2014-09-04,41.869998931884766,34.70000076293945,24200.0,42050.0
2014-09-05,41.84000015258789,34.630001068115234,24020.0,43200.0
2014-09-08,41.779998779296875,34.86000061035156,24020.0,43200.0
2014-09-09,41.939998626708984,33.90999984741211,24020.0,43200.0
2014-09-10,42.16999816894531,34.33000183105469,24020.0,43200.0
2014-09-11,41.95000076293945,34.72999954223633,23840.0,43850.0
2014-09-12,41.459999084472656,35.0099983215332,24020.0,44500.0
2014-09-15,41.5,35.209999084472656,24000.0,42800.0
2014-09-16,41.63999938964844,35.11000061035156,24120.0,43500.0
2014-09-17,41.61000061035156,35.560001373291016,24520.0,44100.0
2014-09-18,41.790000915527344,36.130001068115234,24200.0,42900.0
2014-09-19,42.04999923706055,35.7599983215332,24200.0,44000.0
2014-09-22,42.220001220703125,35.18000030517578,23760.0,43250.0
2014-09-23,41.88999938964844,35.02000045776367,23220.0,42500.0
2014-09-24,42.27000045776367,34.97999954223633,23000.0,44200.0
2014-09-25,41.779998779296875,34.220001220703125,23120.0,44600.0
2014-09-26,42.20000076293945,34.650001525878906,23700.0,45600.0
2014-09-29,42.25,34.5,23900.0,47150.0
2014-09-30,42.65999984741211,34.56999969482422,23680.0,46750.0
2014-10-01,42.7400016784668,33.959999084472656,23120.0,46400.0
2014-10-02,42.65999984741211,34.279998779296875,22820.0,47100.0
2014-10-03,43.0,35.04999923706055,22820.0,47100.0
2014-10-06,43.599998474121094,34.9900016784668,23020.0,44700.0
2014-10-07,43.91999816894531,34.02000045776367,23240.0,44700.0
2014-10-08,44.54999923706055,34.5,22600.0,44150.0
2014-10-09,43.869998931884766,33.29999923706055,22600.0,44150.0
2014-10-10,44.470001220703125,32.939998626708984,22100.0,42200.0
2014-10-13,44.06999969482422,32.849998474121094,22160.0,41700.0
2014-10-14,43.63999938964844,33.0099983215332,22540.0,43300.0
2014-10-15,43.22999954223633,32.61000061035156,22500.0,43400.0
2014-10-16,42.560001373291016,32.529998779296875,22300.0,45100.0
2014-10-17,42.880001068115234,33.220001220703125,21780.0,44100.0
2014-10-20,43.290000915527344,33.31999969482422,22120.0,44900.0
2014-10-21,40.68000030517578,34.060001373291016,21660.0,45250.0
2014-10-22,40.619998931884766,33.43000030517578,22080.0,46300.0
2014-10-23,40.86000061035156,33.959999084472656,21880.0,45500.0
2014-10-24,41.029998779296875,34.31999969482422,22240.0,45300.0
2014-10-27,40.7599983215332,33.959999084472656,21900.0,44600.0
2014-10-28,40.560001373291016,34.36000061035156,21820.0,46000.0
2014-10-29,40.959999084472656,34.38999938964844,22600.0,47000.0
2014-10-30,41.400001525878906,34.52000045776367,23620.0,47200.0
2014-10-31,41.880001068115234,34.95000076293945,24880.0,47450.0
2014-11-03,41.810001373291016,34.709999084472656,24700.0,48050.0
2014-11-04,41.81999969482422,34.65999984741211,24340.0,47450.0
2014-11-05,42.310001373291016,34.900001525878906,24040.0,47200.0
2014-11-06,42.290000915527344,35.310001373291016,24080.0,47950.0
2014-11-07,42.31999969482422,35.65999984741211,24120.0,47400.0
2014-11-10,42.38999938964844,35.880001068115234,25360.0,47550.0
2014-11-11,42.5099983215332,35.790000915527344,24620.0,47600.0
2014-11-12,42.709999084472656,35.970001220703125,24600.0,48100.0
2014-11-13,42.790000915527344,35.84000015258789,24000.0,48100.0
2014-11-14,42.72999954223633,35.689998626708984,23880.0,49200.0
2014-11-17,42.91999816894531,35.599998474121094,24100.0,45900.0
2014-11-18,43.529998779296875,35.470001220703125,24400.0,46400.0
2014-11-19,44.220001220703125,35.47999954223633,24360.0,47150.0
2014-11-20,44.25,35.38999938964844,24200.0,47250.0
2014-11-21,44.5,35.529998779296875,24460.0,46450.0
2014-11-24,44.27000045776367,35.619998931884766,24400.0,47100.0
2014-11-25,44.43000030517578,35.29999923706055,23800.0,48500.0
2014-11-26,44.290000915527344,35.119998931884766,24020.0,48600.0
2014-11-27,44.290000915527344,35.119998931884766,25280.0,47850.0
2014-11-28,44.83000183105469,35.18000030517578,25740.0,48050.0
2014-12-01,44.54999923706055,35.099998474121094,25900.0,47950.0
2014-12-02,44.540000915527344,35.77000045776367,25900.0,47700.0
2014-12-03,43.79999923706055,36.52000045776367,25960.0,48050.0
2014-12-04,43.5,36.790000915527344,26000.0,48700.0
2014-12-05,43.529998779296875,37.2400016784668,26040.0,48350.0
2014-12-08,43.13999938964844,38.0,26380.0,48650.0
2014-12-09,42.040000915527344,38.099998474121094,26980.0,49450.0
2014-12-10,41.599998474121094,37.38999938964844,26340.0,48850.0
2014-12-11,41.529998779296875,37.400001525878906,26100.0,47200.0
2014-12-12,40.90999984741211,36.25,25720.0,47550.0
2014-12-15,40.56999969482422,35.93000030517578,25460.0,47650.0
2014-12-16,40.38999938964844,35.52000045776367,25580.0,46500.0
2014-12-17,41.54999923706055,36.72999954223633,25320.0,46700.0
2014-12-18,42.38999938964844,38.099998474121094,25320.0,47700.0
2014-12-19,41.95000076293945,38.5099983215332,26560.0,48500.0
2014-12-22,42.349998474121094,38.56999969482422,26900.0,48250.0
2014-12-23,42.970001220703125,38.95000076293945,26780.0,47450.0
2014-12-24,42.939998626708984,38.810001373291016,26860.0,47800.0
2014-12-26,42.959999084472656,38.720001220703125,27040.0,47000.0
2014-12-29,42.86000061035156,38.959999084472656,26580.0,48050.0
2014-12-30,42.7599983215332,39.0,26540.0,47750.0
2014-12-31,42.220001220703125,38.79999923706055,26540.0,47750.0
2015-01-02,42.13999938964844,38.709999084472656,26600.0,47750.0
2015-01-05,42.13999938964844,37.5,26660.0,47650.0
2015-01-06,42.459999084472656,36.41999816894531,25900.0,47500.0
2015-01-07,42.9900016784668,36.939998626708984,26140.0,47400.0
2015-01-08,43.5099983215332,37.4900016784668,26280.0,49950.0
2015-01-09,43.029998779296875,36.880001068115234,26280.0,49700.0
2015-01-12,42.63999938964844,36.369998931884766,26320.0,50300.0
2015-01-13,42.630001068115234,36.029998779296875,26780.0,49000.0
2015-01-14,42.560001373291016,35.209999084472656,26900.0,48900.0
2015-01-15,42.380001068115234,34.58000183105469,26680.0,49500.0
2015-01-16,42.529998779296875,34.88999938964844,26320.0,47450.0
2015-01-19,42.529998779296875,34.88999938964844,26860.0,47000.0
2015-01-20,43.15999984741211,34.75,27440.0,47050.0
2015-01-21,43.36000061035156,34.72999954223633,27900.0,48050.0
2015-01-22,43.779998779296875,35.529998779296875,27560.0,47000.0
2015-01-23,43.310001373291016,35.150001525878906,27720.0,47500.0
2015-01-26,43.0,35.11000061035156,27780.0,48250.0
2015-01-27,42.38999938964844,34.65999984741211,28000.0,49150.0
2015-01-28,41.91999816894531,33.77000045776367,27560.0,49200.0
2015-01-29,42.099998474121094,34.369998931884766,27200.0,47400.0
2015-01-30,41.16999816894531,33.810001373291016,27300.0,47650.0
2015-02-02,41.59000015258789,34.41999816894531,27360.0,46600.0
2015-02-03,41.630001068115234,35.040000915527344,27320.0,46700.0
2015-02-04,41.68000030517578,34.77000045776367,27180.0,47300.0
2015-02-05,41.790000915527344,34.93000030517578,27160.0,47150.0
2015-02-06,41.45000076293945,35.790000915527344,27440.0,45500.0
2015-02-09,41.22999954223633,35.630001068115234,27900.0,45200.0
2015-02-10,42.400001525878906,36.15999984741211,27560.0,45150.0
2015-02-11,42.369998931884766,36.369998931884766,27100.0,46850.0
2015-02-12,42.16999816894531,36.900001525878906,26880.0,46650.0
2015-02-13,41.9900016784668,36.779998779296875,27220.0,47050.0
2015-02-16,41.9900016784668,36.779998779296875,27480.0,47500.0
2015-02-17,41.810001373291016,36.91999816894531,27540.0,46450.0
2015-02-18,41.72999954223633,36.369998931884766,27540.0,46450.0
2015-02-19,42.11000061035156,36.33000183105469,27540.0,46450.0
2015-02-20,41.970001220703125,36.7400016784668,27540.0,46450.0
2015-02-23,41.849998474121094,36.27000045776367,27340.0,47200.0
2015-02-24,42.130001068115234,36.7400016784668,27340.0,47600.0
2015-02-25,42.04999923706055,36.59000015258789,27580.0,46500.0
2015-02-26,42.459999084472656,36.060001373291016,27500.0,47100.0
2015-02-27,43.29999923706055,35.790000915527344,27140.0,46600.0
2015-03-02,43.20000076293945,36.2400016784668,28460.0,46850.0
2015-03-03,42.95000076293945,35.81999969482422,28360.0,47300.0
2015-03-04,42.5,35.09000015258789,28740.0,45900.0
2015-03-05,42.400001525878906,35.52000045776367,28440.0,45500.0
2015-03-06,41.52000045776367,35.529998779296875,28840.0,46200.0
2015-03-09,41.38999938964844,35.66999816894531,28400.0,45100.0
2015-03-10,40.689998626708984,34.880001068115234,28420.0,44150.0
2015-03-11,40.099998474121094,34.95000076293945,29480.0,43400.0
2015-03-12,40.56999969482422,37.09000015258789,28940.0,43250.0
2015-03-13,39.90999984741211,36.349998474121094,29140.0,44100.0
2015-03-16,40.290000915527344,36.72999954223633,29400.0,45800.0
2015-03-17,40.5099983215332,36.54999923706055,29940.0,46250.0
2015-03-18,40.599998474121094,36.72999954223633,30060.0,46250.0
2015-03-19,40.02000045776367,36.11000061035156,29400.0,46400.0
2015-03-20,40.650001525878906,36.5,29280.0,46850.0
2015-03-23,40.619998931884766,36.310001373291016,29340.0,48150.0
2015-03-24,40.470001220703125,36.2400016784668,29520.0,48000.0
2015-03-25,40.45000076293945,35.45000076293945,29700.0,48300.0
2015-03-26,40.349998474121094,35.619998931884766,28420.0,47000.0
2015-03-27,40.08000183105469,35.83000183105469,28420.0,45800.0
2015-03-30,40.5099983215332,36.310001373291016,28560.0,45500.0
2015-03-31,40.54999923706055,35.689998626708984,28820.0,45550.0
2015-04-01,40.68000030517578,35.970001220703125,28460.0,45000.0
2015-04-02,40.68000030517578,36.060001373291016,28680.0,44800.0
2015-04-03,40.68000030517578,36.060001373291016,28680.0,44200.0
2015-04-06,41.16999816894531,35.90999984741211,29400.0,44750.0
2015-04-07,41.0099983215332,35.939998626708984,29240.0,43950.0
2015-04-08,40.88999938964844,36.2599983215332,29580.0,42600.0
2015-04-09,41.04999923706055,36.63999938964844,29660.0,41900.0
2015-04-10,40.880001068115234,36.2400016784668,29800.0,43600.0
2015-04-13,40.70000076293945,36.29999923706055,29580.0,44200.0
2015-04-14,40.5099983215332,36.84000015258789,29480.0,44000.0
2015-04-15,40.400001525878906,37.38999938964844,28920.0,44300.0
2015-04-16,40.599998474121094,37.36000061035156,29540.0,44500.0
2015-04-17,40.29999923706055,36.75,29000.0,44550.0
2015-04-20,40.65999984741211,36.959999084472656,28600.0,44250.0
2015-04-21,40.779998779296875,36.75,28880.0,45150.0
2015-04-22,41.310001373291016,37.20000076293945,29220.0,45250.0
2015-04-23,40.95000076293945,37.380001068115234,29020.0,45800.0
2015-04-24,40.88999938964844,37.36000061035156,28200.0,47200.0
2015-04-27,40.83000183105469,37.04999923706055,27900.0,45800.0
2015-04-28,40.77000045776367,37.040000915527344,27320.0,46950.0
2015-04-29,40.4900016784668,37.4900016784668,27700.0,46900.0
2015-04-30,40.560001373291016,37.310001373291016,28200.0,46150.0
2015-05-01,40.90999984741211,37.5099983215332,28200.0,46150.0
2015-05-04,40.959999084472656,37.90999984741211,28000.0,46800.0
2015-05-05,40.75,37.45000076293945,28000.0,46800.0
2015-05-06,40.65999984741211,37.04999923706055,27240.0,45300.0
2015-05-07,40.70000076293945,37.540000915527344,27400.0,45900.0
2015-05-08,40.97999954223633,37.88999938964844,26760.0,45950.0
2015-05-11,40.939998626708984,38.25,26720.0,46300.0
2015-05-12,40.689998626708984,37.720001220703125,26620.0,46050.0
2015-05-13,41.04999923706055,37.779998779296875,26660.0,45250.0
2015-05-14,41.5,38.13999938964844,26800.0,45550.0
2015-05-15,41.52000045776367,37.849998474121094,26520.0,45300.0
2015-05-18,41.31999969482422,38.33000183105469,26400.0,45450.0
2015-05-19,41.310001373291016,38.689998626708984,26760.0,46100.0
2015-05-20,41.349998474121094,38.33000183105469,27320.0,46850.0
2015-05-21,41.22999954223633,38.040000915527344,27040.0,46350.0
2015-05-22,41.209999084472656,38.16999816894531,27000.0,47850.0
2015-05-26,40.9900016784668,37.790000915527344,27240.0,48000.0
2015-05-27,41.119998931884766,38.619998931884766,26280.0,48450.0
2015-05-28,41.13999938964844,38.72999954223633,26180.0,49650.0
2015-05-29,40.959999084472656,38.20000076293945,26140.0,51100.0
2015-06-01,40.939998626708984,38.58000183105469,25820.0,50600.0
2015-06-02,40.9900016784668,38.52000045776367,26060.0,51200.0
2015-06-03,40.869998931884766,39.0099983215332,25460.0,49800.0
2015-06-04,40.59000015258789,38.70000076293945,26740.0,48300.0
2015-06-05,40.099998474121094,39.290000915527344,26820.0,49050.0
2015-06-08,40.15999984741211,39.09000015258789,26280.0,48050.0
2015-06-09,40.20000076293945,39.130001068115234,25640.0,48000.0
2015-06-10,40.33000183105469,39.88999938964844,25240.0,47500.0
2015-06-11,40.099998474121094,39.869998931884766,25140.0,47100.0
2015-06-12,39.959999084472656,39.61000061035156,25540.0,46550.0
2015-06-15,39.59000015258789,39.529998779296875,25400.0,46150.0
2015-06-16,40.08000183105469,39.7400016784668,25100.0,44200.0
2015-06-17,40.27000045776367,39.58000183105469,25080.0,44950.0
2015-06-18,40.650001525878906,39.790000915527344,25300.0,44300.0
2015-06-19,40.400001525878906,39.369998931884766,25320.0,43550.0
2015-06-22,40.47999954223633,39.849998474121094,25620.0,43850.0
2015-06-23,40.380001068115234,40.209999084472656,26420.0,44150.0
2015-06-24,40.189998626708984,39.63999938964844,26040.0,43350.0
2015-06-25,40.02000045776367,39.220001220703125,25380.0,43100.0
2015-06-26,40.0,39.5,25560.0,42000.0
2015-06-29,39.400001525878906,38.310001373291016,25620.0,42600.0
2015-06-30,39.22999954223633,38.790000915527344,25360.0,42300.0
2015-07-01,39.5,39.36000061035156,25900.0,42800.0
2015-07-02,39.4900016784668,39.0,25980.0,42100.0
2015-07-03,39.4900016784668,39.0,25360.0,42650.0
2015-07-06,39.41999816894531,38.849998474121094,24600.0,40750.0
2015-07-07,40.25,38.619998931884766,24800.0,41350.0
2015-07-08,39.86000061035156,37.790000915527344,24780.0,40900.0
2015-07-09,39.91999816894531,38.099998474121094,25300.0,40950.0
2015-07-10,40.38999938964844,38.63999938964844,25180.0,40850.0
2015-07-13,40.65999984741211,39.31999969482422,25320.0,40550.0
2015-07-14,41.16999816894531,39.709999084472656,24500.0,37850.0
2015-07-15,41.130001068115234,39.70000076293945,24700.0,39300.0
2015-07-16,41.47999954223633,39.90999984741211,25640.0,39450.0
2015-07-17,41.25,40.20000076293945,26100.0,39950.0
2015-07-20,41.380001068115234,40.040000915527344,25500.0,38650.0
2015-07-21,41.189998626708984,40.08000183105469,25260.0,39050.0
2015-07-22,40.900001525878906,40.540000915527344,25060.0,38200.0
2015-07-23,40.84000015258789,39.939998626708984,24680.0,39000.0
2015-07-24,40.439998626708984,39.599998474121094,24580.0,38550.0
2015-07-27,40.540000915527344,39.25,24600.0,37250.0
2015-07-28,40.54999923706055,39.25,24600.0,37100.0
2015-07-29,40.59000015258789,39.290000915527344,25260.0,37000.0
2015-07-30,40.560001373291016,39.29999923706055,24300.0,34500.0
2015-07-31,41.08000183105469,38.84000015258789,23700.0,37100.0
2015-08-03,41.540000915527344,38.7599983215332,23500.0,35950.0
2015-08-04,41.849998474121094,38.91999816894531,23640.0,37250.0
2015-08-05,42.119998931884766,39.0,23180.0,37300.0
2015-08-06,41.91999816894531,38.93000030517578,22300.0,36100.0
2015-08-07,41.77000045776367,38.58000183105469,22720.0,36200.0
2015-08-10,41.68000030517578,39.08000183105469,22820.0,36300.0
2015-08-11,41.47999954223633,37.91999816894531,23140.0,36100.0
2015-08-12,41.2599983215332,37.56999969482422,23080.0,35800.0
2015-08-13,41.099998474121094,37.75,22800.0,36900.0
2015-08-14,41.25,38.04999923706055,22800.0,36900.0
2015-08-17,41.349998474121094,38.13999938964844,22080.0,35650.0
2015-08-18,41.29999923706055,37.81999969482422,22620.0,35050.0
2015-08-19,40.779998779296875,37.439998626708984,23080.0,33000.0
2015-08-20,40.54999923706055,36.16999816894531,22780.0,33050.0
2015-08-21,39.529998779296875,34.209999084472656,22020.0,32000.0
2015-08-24,38.380001068115234,32.2599983215332,21580.0,31050.0
2015-08-25,37.9900016784668,31.760000228881836,21580.0,33500.0
2015-08-26,38.72999954223633,33.29999923706055,21340.0,33450.0
2015-08-27,39.27000045776367,34.29999923706055,21340.0,35500.0
2015-08-28,39.45000076293945,34.04999923706055,21620.0,36900.0
2015-08-31,39.31999969482422,34.45000076293945,21780.0,35800.0
2015-09-01,38.75,33.119998931884766,21700.0,34400.0
2015-09-02,38.900001525878906,33.790000915527344,21800.0,34350.0
2015-09-03,39.15999984741211,33.79999923706055,22440.0,35400.0
2015-09-04,38.52000045776367,33.189998626708984,22580.0,34850.0
2015-09-07,38.52000045776367,33.189998626708984,22240.0,34750.0
2015-09-08,38.900001525878906,34.27000045776367,22620.0,34750.0
2015-09-09,38.29999923706055,33.75,22940.0,36000.0
2015-09-10,38.41999816894531,33.869998931884766,22680.0,35950.0
2015-09-11,38.130001068115234,33.9900016784668,22300.0,35000.0
2015-09-14,38.099998474121094,33.810001373291016,22480.0,34600.0
2015-09-15,38.5,34.58000183105469,22460.0,33600.0
2015-09-16,39.150001525878906,34.619998931884766,23040.0,35100.0
2015-09-17,39.380001068115234,34.04999923706055,23140.0,36150.0
2015-09-18,38.97999954223633,33.029998779296875,23800.0,35750.0
2015-09-21,39.189998626708984,33.34000015258789,23000.0,34800.0
2015-09-22,38.790000915527344,32.439998626708984,22900.0,34900.0
2015-09-23,38.7599983215332,32.31999969482422,22620.0,34700.0
2015-09-24,39.150001525878906,31.969999313354492,22520.0,33850.0
2015-09-25,39.619998931884766,32.189998626708984,22240.0,34350.0
2015-09-28,39.529998779296875,31.09000015258789,22240.0,34350.0
2015-09-29,39.65999984741211,31.010000228881836,22240.0,34350.0
2015-09-30,40.119998931884766,31.5,22680.0,33550.0
2015-10-01,39.79999923706055,31.5,22680.0,33700.0
2015-10-02,40.38999938964844,31.43000030517578,22380.0,34550.0
2015-10-05,41.0099983215332,32.290000915527344,22300.0,35350.0
2015-10-06,40.959999084472656,32.36000061035156,23020.0,37200.0
2015-10-07,41.52000045776367,32.93000030517578,25020.0,37300.0
2015-10-08,41.97999954223633,32.9900016784668,25400.0,37550.0
2015-10-09,42.02000045776367,32.720001220703125,25400.0,37550.0
2015-10-12,42.0,32.79999923706055,25200.0,36850.0
2015-10-13,41.650001525878906,32.61000061035156,25040.0,36000.0
2015-10-14,41.68000030517578,32.540000915527344,25080.0,36400.0
2015-10-15,41.91999816894531,33.61000061035156,25380.0,36750.0
2015-10-16,42.02000045776367,33.95000076293945,25300.0,36100.0
2015-10-19,41.9900016784668,32.31999969482422,25120.0,35750.0
2015-10-20,42.290000915527344,32.25,25320.0,35700.0
2015-10-21,42.189998626708984,31.479999542236328,25400.0,33650.0
2015-10-22,43.2400016784668,32.349998474121094,25600.0,31950.0
2015-10-23,42.790000915527344,32.619998931884766,25780.0,32100.0
2015-10-26,42.59000015258789,32.54999923706055,25840.0,32900.0
2015-10-27,42.61000061035156,32.22999954223633,25960.0,32150.0
2015-10-28,42.72999954223633,33.439998626708984,26160.0,31450.0
2015-10-29,42.790000915527344,33.540000915527344,26500.0,31450.0
2015-10-30,42.349998474121094,32.970001220703125,27440.0,30700.0
2015-11-02,42.2400016784668,33.47999954223633,27660.0,32150.0
2015-11-03,42.15999984741211,33.290000915527344,27040.0,31900.0
2015-11-04,41.970001220703125,33.400001525878906,26600.0,32600.0
2015-11-05,42.33000183105469,33.880001068115234,26840.0,32650.0
2015-11-06,41.959999084472656,35.40999984741211,26760.0,31200.0
2015-11-09,41.540000915527344,35.11000061035156,26880.0,31250.0
2015-11-10,41.77000045776367,35.2400016784668,26420.0,31150.0
2015-11-11,42.040000915527344,35.02000045776367,26660.0,31000.0
2015-11-12,41.58000183105469,34.22999954223633,26340.0,30700.0
2015-11-13,41.380001068115234,33.93000030517578,26000.0,31150.0
2015-11-16,41.959999084472656,34.04999923706055,25260.0,30500.0
2015-11-17,41.66999816894531,33.59000015258789,25400.0,30600.0
2015-11-18,42.279998779296875,34.25,25620.0,30550.0
2015-11-19,43.11000061035156,34.16999816894531,25780.0,31200.0
2015-11-20,42.43000030517578,33.90999984741211,25700.0,31000.0
2015-11-23,42.959999084472656,33.63999938964844,25640.0,30650.0
2015-11-24,43.36000061035156,33.59000015258789,25980.0,30200.0
2015-11-25,43.36000061035156,33.61000061035156,25980.0,31900.0
2015-11-26,43.36000061035156,33.61000061035156,26700.0,32750.0
2015-11-27,43.150001525878906,33.779998779296875,26540.0,32000.0
2015-11-30,42.619998931884766,34.29999923706055,25680.0,31600.0
2015-12-01,42.88999938964844,35.27000045776367,26420.0,31350.0
2015-12-02,42.77000045776367,34.88999938964844,26000.0,31200.0
2015-12-03,42.459999084472656,34.45000076293945,25800.0,31150.0
2015-12-04,43.290000915527344,35.31999969482422,25380.0,31200.0
2015-12-07,43.20000076293945,34.68000030517578,25240.0,30700.0
2015-12-08,43.0099983215332,34.060001373291016,25240.0,30200.0
2015-12-09,42.65999984741211,33.369998931884766,25260.0,30250.0
2015-12-10,42.7599983215332,33.41999816894531,25660.0,30300.0
2015-12-11,42.27000045776367,32.08000183105469,25680.0,29850.0
2015-12-14,42.45000076293945,31.8799991607666,25220.0,29000.0
2015-12-15,43.06999969482422,32.84000015258789,25540.0,29400.0
2015-12-16,43.84000015258789,33.61000061035156,25980.0,30400.0
2015-12-17,43.4900016784668,32.380001068115234,25800.0,30250.0
2015-12-18,42.5,31.290000915527344,25560.0,30600.0
2015-12-21,42.779998779296875,31.68000030517578,25600.0,30500.0
2015-12-22,43.290000915527344,32.220001220703125,25840.0,32200.0
2015-12-23,43.66999816894531,32.599998474121094,25900.0,32700.0
2015-12-24,43.540000915527344,32.47999954223633,25700.0,31700.0
2015-12-28,43.4900016784668,32.16999816894531,25320.0,30900.0
2015-12-29,43.709999084472656,32.54999923706055,25080.0,31200.0
2015-12-30,43.56999969482422,32.22999954223633,25200.0,30750.0
2015-12-31,42.959999084472656,31.809999465942383,25200.0,30750.0
2016-01-04,42.400001525878906,31.479999542236328,24100.0,30150.0
2016-01-05,42.54999923706055,31.280000686645508,24160.0,30600.0
2016-01-06,42.31999969482422,30.5,23500.0,30750.0
2016-01-07,41.619998931884766,28.979999542236328,23260.0,30200.0
2016-01-08,41.5099983215332,28.3799991607666,23420.0,29700.0
2016-01-11,41.58000183105469,28.459999084472656,23040.0,28650.0
2016-01-12,42.119998931884766,28.459999084472656,22920.0,27800.0
2016-01-13,41.849998474121094,26.889999389648438,22960.0,28100.0
2016-01-14,41.880001068115234,27.149999618530273,22760.0,27900.0
2016-01-15,41.5,25.969999313354492,22640.0,26800.0
2016-01-18,41.5,25.969999313354492,22520.0,26700.0
2016-01-19,41.91999816894531,26.260000228881836,23420.0,28300.0
2016-01-20,41.380001068115234,25.239999771118164,22760.0,26800.0
2016-01-21,41.38999938964844,24.780000686645508,22620.0,26600.0
2016-01-22,42.060001373291016,25.610000610351562,23360.0,27150.0
2016-01-25,42.15999984741211,24.979999542236328,23240.0,28000.0
2016-01-26,42.08000183105469,25.489999771118164,22740.0,27850.0
2016-01-27,42.09000015258789,25.3700008392334,23500.0,27650.0
2016-01-28,42.56999969482422,25.170000076293945,22900.0,27650.0
2016-01-29,42.91999816894531,25.8799991607666,23000.0,27300.0
2016-02-01,43.0,25.709999084472656,23260.0,28400.0
2016-02-02,42.439998626708984,24.5,23120.0,28450.0
2016-02-03,42.720001220703125,24.31999969482422,22920.0,27450.0
2016-02-04,42.529998779296875,25.010000228881836,23120.0,28100.0
2016-02-05,42.439998626708984,24.350000381469727,23280.0,28100.0
2016-02-08,42.650001525878906,22.670000076293945,23280.0,28100.0
2016-02-09,43.29999923706055,22.93000030517578,23280.0,28100.0
2016-02-10,42.54999923706055,22.700000762939453,23280.0,28100.0
2016-02-11,42.40999984741211,21.690000534057617,22600.0,27150.0
2016-02-12,43.11000061035156,23.09000015258789,22600.0,27350.0
2016-02-15,43.11000061035156,23.09000015258789,23080.0,27700.0
2016-02-16,43.36000061035156,23.719999313354492,23360.0,28900.0
2016-02-17,43.4900016784668,24.229999542236328,23700.0,30050.0
2016-02-18,43.61000061035156,23.959999084472656,23740.0,30200.0
2016-02-19,43.77000045776367,24.0,23800.0,29600.0
2016-02-22,43.939998626708984,24.540000915527344,23500.0,29900.0
2016-02-23,43.689998626708984,23.709999084472656,23620.0,30400.0
2016-02-24,43.90999984741211,23.709999084472656,23440.0,30900.0
2016-02-25,44.15999984741211,24.6299991607666,23580.0,30800.0
2016-02-26,43.13999938964844,25.15999984741211,23440.0,30800.0
2016-02-29,43.130001068115234,24.700000762939453,23560.0,30000.0
2016-03-01,43.689998626708984,26.09000015258789,23560.0,30000.0
2016-03-02,43.77000045776367,26.110000610351562,23940.0,30950.0
2016-03-03,43.959999084472656,26.139999389648438,24400.0,31950.0
2016-03-04,44.11000061035156,26.1299991607666,24300.0,31900.0
2016-03-07,44.0099983215332,26.09000015258789,24460.0,31900.0
2016-03-08,44.31999969482422,25.010000228881836,23840.0,30500.0
2016-03-09,44.810001373291016,24.610000610351562,23880.0,30550.0
2016-03-10,45.22999954223633,24.649999618530273,24500.0,30300.0
2016-03-11,45.20000076293945,26.0,24980.0,30700.0
2016-03-14,45.290000915527344,25.90999984741211,25100.0,30350.0
2016-03-15,45.2400016784668,25.43000030517578,25060.0,29900.0
2016-03-16,45.04999923706055,25.15999984741211,25120.0,29200.0
2016-03-17,45.77000045776367,25.850000381469727,25260.0,29250.0
2016-03-18,45.599998474121094,26.280000686645508,25460.0,29450.0
2016-03-21,45.66999816894531,25.940000534057617,25340.0,29550.0
2016-03-22,45.5,25.84000015258789,25380.0,30200.0
2016-03-23,45.459999084472656,25.270000457763672,25580.0,30250.0
2016-03-24,45.58000183105469,24.93000030517578,25640.0,29450.0
2016-03-25,45.58000183105469,24.93000030517578,25760.0,29150.0
2016-03-28,45.79999923706055,24.719999313354492,25880.0,28550.0
2016-03-29,46.47999954223633,24.780000686645508,25800.0,28900.0
2016-03-30,46.58000183105469,25.06999969482422,26160.0,28650.0
2016-03-31,46.38999938964844,25.010000228881836,26240.0,28150.0
2016-04-01,46.83000183105469,25.530000686645508,25580.0,28200.0
2016-04-04,46.88999938964844,25.040000915527344,26100.0,27900.0
2016-04-05,46.529998779296875,24.3799991607666,25200.0,27850.0
2016-04-06,46.709999084472656,24.420000076293945,25700.0,27500.0
2016-04-07,46.36000061035156,23.719999313354492,25380.0,26900.0
2016-04-08,46.869998931884766,23.75,24920.0,27800.0
2016-04-11,46.439998626708984,24.110000610351562,25320.0,27150.0
2016-04-12,46.650001525878906,24.579999923706055,25500.0,27150.0
2016-04-13,46.040000915527344,25.8799991607666,25500.0,27150.0
2016-04-14,45.83000183105469,26.170000076293945,26000.0,27250.0
2016-04-15,46.099998474121094,25.760000228881836,26000.0,27650.0
2016-04-18,46.220001220703125,25.729999542236328,25980.0,27200.0
2016-04-19,46.599998474121094,26.459999084472656,25760.0,27450.0
2016-04-20,44.369998931884766,27.40999984741211,25980.0,27550.0
2016-04-21,43.65999984741211,27.260000228881836,25880.0,27550.0
2016-04-22,44.540000915527344,27.700000762939453,25600.0,27500.0
2016-04-25,44.709999084472656,27.530000686645508,25620.0,27500.0
2016-04-26,44.529998779296875,27.549999237060547,25920.0,29150.0
2016-04-27,44.68000030517578,27.530000686645508,26000.0,29150.0
2016-04-28,44.630001068115234,27.229999542236328,25300.0,27900.0
2016-04-29,44.79999923706055,27.059999465942383,24900.0,28150.0
2016-05-02,44.97999954223633,27.260000228881836,25000.0,27850.0
2016-05-03,44.84000015258789,26.889999389648438,25220.0,27650.0
2016-05-04,44.97999954223633,26.280000686645508,25800.0,26650.0
2016-05-05,45.060001373291016,26.170000076293945,25800.0,26650.0
2016-05-06,45.31999969482422,26.25,25800.0,26650.0
2016-05-09,45.2400016784668,26.100000381469727,25980.0,25750.0
2016-05-10,45.75,26.6299991607666,25920.0,26400.0
2016-05-11,45.459999084472656,26.360000610351562,25840.0,26200.0
2016-05-12,45.83000183105469,26.229999542236328,25620.0,26100.0
2016-05-13,45.349998474121094,25.889999389648438,25060.0,26100.0
2016-05-16,45.619998931884766,26.209999084472656,24960.0,26100.0
2016-05-17,44.75,26.15999984741211,25280.0,25900.0
2016-05-18,44.47999954223633,27.239999771118164,25360.0,26200.0
2016-05-19,44.31999969482422,26.610000610351562,25400.0,26600.0
2016-05-20,43.95000076293945,26.770000457763672,25380.0,26300.0
2016-05-23,43.970001220703125,26.829999923706055,25720.0,27200.0
2016-05-24,44.369998931884766,27.40999984741211,25420.0,26850.0
2016-05-25,44.380001068115234,27.780000686645508,25900.0,27050.0
2016-05-26,44.689998626708984,27.420000076293945,25920.0,27000.0
2016-05-27,44.779998779296875,27.530000686645508,25640.0,28650.0
2016-05-30,44.779998779296875,27.530000686645508,25600.0,29000.0
2016-05-31,44.599998474121094,27.3700008392334,25840.0,28700.0
2016-06-01,44.70000076293945,27.489999771118164,26660.0,28500.0
2016-06-02,44.720001220703125,27.280000686645508,27300.0,28050.0
2016-06-03,45.040000915527344,26.540000915527344,27540.0,27600.0
2016-06-06,45.369998931884766,26.850000381469727,27540.0,27600.0
2016-06-07,45.31999969482422,26.520000457763672,27960.0,28650.0
2016-06-08,45.54999923706055,26.540000915527344,28120.0,28550.0
2016-06-09,45.7599983215332,26.079999923706055,28600.0,29000.0
2016-06-10,45.9900016784668,25.540000915527344,28120.0,29000.0
2016-06-13,45.119998931884766,25.260000228881836,27420.0,28350.0
2016-06-14,45.040000915527344,24.600000381469727,27600.0,29050.0
2016-06-15,45.0099983215332,24.719999313354492,28260.0,29950.0
2016-06-16,45.310001373291016,25.06999969482422,28180.0,29650.0
2016-06-17,44.790000915527344,25.309999465942383,28520.0,29000.0
2016-06-20,44.97999954223633,25.899999618530273,28620.0,30050.0
2016-06-21,45.130001068115234,26.200000762939453,28960.0,29800.0
2016-06-22,44.86000061035156,26.389999389648438,28900.0,30950.0
2016-06-23,45.08000183105469,27.290000915527344,28600.0,31750.0
2016-06-24,43.93000030517578,24.520000457763672,28000.0,31800.0
2016-06-27,43.779998779296875,23.610000610351562,27960.0,32050.0
2016-06-28,44.18000030517578,24.610000610351562,27980.0,31150.0
2016-06-29,44.439998626708984,25.229999542236328,27920.0,31800.0
2016-06-30,45.33000183105469,25.979999542236328,28500.0,32400.0
2016-07-01,45.119998931884766,25.920000076293945,29320.0,32150.0
2016-07-04,45.119998931884766,25.920000076293945,29320.0,32750.0
2016-07-05,45.43000030517578,25.0,29380.0,31850.0
2016-07-06,45.27000045776367,25.149999618530273,28420.0,30600.0
2016-07-07,45.09000015258789,25.690000534057617,29000.0,30650.0
2016-07-08,45.380001068115234,26.3700008392334,29200.0,31050.0
2016-07-11,45.56999969482422,26.459999084472656,29780.0,32000.0
2016-07-12,45.58000183105469,27.3700008392334,29280.0,32000.0
2016-07-13,45.7400016784668,27.15999984741211,29620.0,32650.0
2016-07-14,45.689998626708984,28.0,30000.0,33050.0
2016-07-15,45.630001068115234,28.010000228881836,30360.0,32700.0
2016-07-18,45.630001068115234,28.209999084472656,30660.0,32750.0
2016-07-19,45.630001068115234,28.190000534057617,30660.0,32450.0
2016-07-20,45.5099983215332,28.780000686645508,30800.0,32100.0
2016-07-21,45.45000076293945,28.8700008392334,30860.0,32150.0
2016-07-22,45.83000183105469,28.920000076293945,30320.0,32000.0
2016-07-25,45.56999969482422,29.1299991607666,30040.0,32500.0
2016-07-26,44.880001068115234,29.229999542236328,30600.0,32050.0
2016-07-27,43.400001525878906,29.020000457763672,30540.0,33450.0
2016-07-28,43.650001525878906,28.860000610351562,30140.0,33550.0
2016-07-29,43.630001068115234,28.729999542236328,30780.0,34400.0
2016-08-01,43.45000076293945,28.5,31360.0,34850.0
2016-08-02,43.529998779296875,28.0,30960.0,33750.0
2016-08-03,43.63999938964844,28.420000076293945,30340.0,33550.0
2016-08-04,43.5099983215332,28.280000686645508,30340.0,33650.0
2016-08-05,43.47999954223633,29.010000228881836,31220.0,34800.0
2016-08-08,43.439998626708984,29.1200008392334,31380.0,34950.0
2016-08-09,43.470001220703125,29.34000015258789,31340.0,35050.0
2016-08-10,43.61000061035156,29.110000610351562,30820.0,33800.0
2016-08-11,43.75,29.3799991607666,31180.0,34800.0
2016-08-12,44.029998779296875,29.170000076293945,30900.0,34350.0
2016-08-15,44.2400016784668,29.65999984741211,30900.0,34350.0
2016-08-16,43.83000183105469,30.25,31360.0,33700.0
2016-08-17,44.060001373291016,30.3700008392334,31320.0,33550.0
2016-08-18,44.099998474121094,30.549999237060547,32800.0,34150.0
2016-08-19,43.91999816894531,30.549999237060547,33500.0,35400.0
2016-08-22,43.7400016784668,30.600000381469727,33300.0,36000.0
2016-08-23,43.849998474121094,30.719999313354492,33740.0,35600.0
2016-08-24,43.849998474121094,30.90999984741211,33060.0,35750.0
2016-08-25,43.66999816894531,30.969999313354492,32780.0,35700.0
2016-08-26,43.31999969482422,31.15999984741211,32240.0,36250.0
2016-08-29,43.540000915527344,31.40999984741211,32800.0,36250.0
2016-08-30,43.2400016784668,32.189998626708984,32900.0,36300.0
2016-08-31,43.43000030517578,32.060001373291016,32400.0,36450.0
2016-09-01,43.349998474121094,31.90999984741211,31740.0,36100.0
2016-09-02,43.65999984741211,31.889999389648438,31940.0,36650.0
2016-09-05,43.65999984741211,31.889999389648438,32120.0,37500.0
2016-09-06,43.790000915527344,31.75,32860.0,38000.0
2016-09-07,43.63999938964844,31.690000534057617,32420.0,37900.0
2016-09-08,43.630001068115234,32.040000915527344,32780.0,38700.0
2016-09-09,42.27000045776367,31.59000015258789,31500.0,38950.0
2016-09-12,43.189998626708984,32.2400016784668,29300.0,37000.0
2016-09-13,42.279998779296875,31.459999084472656,30540.0,37800.0
2016-09-14,42.11000061035156,31.559999465942383,30540.0,37800.0
2016-09-15,42.36000061035156,31.950000762939453,30540.0,37800.0
2016-09-16,42.13999938964844,31.59000015258789,30540.0,37800.0
2016-09-19,42.099998474121094,31.600000381469727,31160.0,39200.0
2016-09-20,42.34000015258789,31.700000762939453,31700.0,39250.0
2016-09-21,42.529998779296875,31.920000076293945,31840.0,39150.0
2016-09-22,42.959999084472656,32.2400016784668,32360.0,39400.0
2016-09-23,42.7400016784668,31.90999984741211,31420.0,39350.0
2016-09-26,42.04999923706055,31.030000686645508,31360.0,39500.0
2016-09-27,42.59000015258789,31.350000381469727,31380.0,41150.0
2016-09-28,42.150001525878906,31.770000457763672,31340.0,41200.0
2016-09-29,42.029998779296875,31.040000915527344,32000.0,40200.0
2016-09-30,42.31999969482422,32.060001373291016,31960.0,40200.0
2016-10-03,42.029998779296875,31.950000762939453,31960.0,40200.0
2016-10-04,41.84000015258789,32.040000915527344,32280.0,41800.0
2016-10-05,41.810001373291016,32.560001373291016,32380.0,42600.0
2016-10-06,41.709999084472656,32.38999938964844,33820.0,42550.0
2016-10-07,41.72999954223633,32.310001373291016,34120.0,42200.0
2016-10-10,41.72999954223633,32.560001373291016,33600.0,41300.0
2016-10-11,41.540000915527344,32.18000030517578,30900.0,41300.0
2016-10-12,41.779998779296875,31.90999984741211,30700.0,41250.0
2016-10-13,41.7599983215332,31.729999542236328,31140.0,40950.0
2016-10-14,41.66999816894531,32.06999969482422,31540.0,41550.0
2016-10-17,41.599998474121094,31.790000915527344,31800.0,42300.0
2016-10-18,41.970001220703125,32.31999969482422,31780.0,41650.0
2016-10-19,42.04999923706055,32.93000030517578,32500.0,40050.0
2016-10-20,41.93000030517578,32.900001525878906,32400.0,40050.0
2016-10-21,42.130001068115234,33.439998626708984,31780.0,40950.0
2016-10-24,42.560001373291016,33.380001068115234,32160.0,40150.0
2016-10-25,42.540000915527344,33.349998474121094,31940.0,41050.0
2016-10-26,42.439998626708984,33.59000015258789,31340.0,42900.0
2016-10-27,42.119998931884766,33.81999969482422,31460.0,43000.0
2016-10-28,42.22999954223633,33.52000045776367,32280.0,42450.0
2016-10-31,42.400001525878906,33.56999969482422,32780.0,41000.0
2016-11-01,42.119998931884766,33.36000061035156,33040.0,42000.0
2016-11-02,42.04999923706055,32.91999816894531,32860.0,41000.0
2016-11-03,42.029998779296875,32.810001373291016,32320.0,41150.0
2016-11-04,41.689998626708984,32.779998779296875,32540.0,41200.0
2016-11-07,42.459999084472656,34.0,32800.0,41500.0
2016-11-08,42.880001068115234,34.099998474121094,32880.0,41500.0
2016-11-09,42.27000045776367,36.52000045776367,31920.0,39650.0
2016-11-10,40.939998626708984,38.02000045776367,32980.0,41000.0
2016-11-11,41.029998779296875,38.4900016784668,31960.0,39850.0
2016-11-14,41.16999816894531,39.349998474121094,31060.0,39700.0
2016-11-15,41.439998626708984,40.0,30780.0,39700.0
2016-11-16,41.2599983215332,39.189998626708984,31160.0,40850.0
2016-11-17,41.119998931884766,39.970001220703125,31360.0,41900.0
2016-11-18,40.90999984741211,40.43000030517578,31720.0,42000.0
2016-11-21,41.36000061035156,40.560001373291016,31860.0,40750.0
2016-11-22,41.369998931884766,40.540000915527344,32800.0,42700.0
2016-11-23,41.119998931884766,41.040000915527344,32980.0,43050.0
2016-11-24,41.119998931884766,41.040000915527344,33000.0,42650.0
2016-11-25,41.529998779296875,41.099998474121094,33000.0,42600.0
2016-11-28,41.75,40.439998626708984,33540.0,42600.0
2016-11-29,41.150001525878906,40.599998474121094,33540.0,42400.0
2016-11-30,40.349998474121094,41.36000061035156,34920.0,42900.0
2016-12-01,40.16999816894531,42.15999984741211,34980.0,44200.0
2016-12-02,40.36000061035156,41.83000183105469,34540.0,44400.0
2016-12-05,40.619998931884766,42.09000015258789,34360.0,44400.0
2016-12-06,40.56999969482422,42.5099983215332,34960.0,45200.0
2016-12-07,41.290000915527344,42.63999938964844,35440.0,45250.0
2016-12-08,40.97999954223633,43.58000183105469,35800.0,46250.0
2016-12-09,42.0,43.72999954223633,35600.0,45500.0
2016-12-12,41.900001525878906,42.97999954223633,35040.0,45300.0
2016-12-13,41.7599983215332,42.560001373291016,35320.0,44950.0
2016-12-14,41.209999084472656,42.86000061035156,35540.0,45850.0
2016-12-15,41.54999923706055,43.0099983215332,35180.0,45600.0
2016-12-16,41.7400016784668,42.709999084472656,35860.0,46400.0
2016-12-19,41.66999816894531,42.83000183105469,35900.0,45150.0
2016-12-20,41.65999984741211,43.5,36240.0,45150.0
2016-12-21,41.56999969482422,43.369998931884766,36100.0,45000.0
2016-12-22,41.54999923706055,42.790000915527344,36180.0,45500.0
2016-12-23,41.599998474121094,43.060001373291016,35640.0,46300.0
2016-12-26,41.599998474121094,43.060001373291016,35960.0,45650.0
2016-12-27,41.61000061035156,43.119998931884766,35980.0,45650.0
2016-12-28,41.38999938964844,42.619998931884766,35760.0,45350.0
2016-12-29,41.599998474121094,42.150001525878906,36040.0,44700.0
2016-12-30,41.459999084472656,42.25,36040.0,44700.0
2017-01-02,41.459999084472656,42.25,36100.0,45800.0
2017-01-03,41.79999923706055,43.04999923706055,36480.0,47250.0
2017-01-04,41.650001525878906,43.619998931884766,36160.0,46500.0
2017-01-05,41.75,43.220001220703125,35560.0,46950.0
2017-01-06,41.7400016784668,43.849998474121094,36200.0,48000.0
2017-01-09,41.31999969482422,42.709999084472656,37220.0,49550.0
2017-01-10,41.040000915527344,43.060001373291016,37240.0,49750.0
2017-01-11,41.04999923706055,43.66999816894531,38280.0,51600.0
2017-01-12,40.95000076293945,43.630001068115234,38800.0,50600.0
2017-01-13,40.880001068115234,43.810001373291016,37460.0,50300.0
2017-01-16,40.880001068115234,43.810001373291016,36660.0,49300.0
2017-01-17,41.220001220703125,42.150001525878906,36960.0,49300.0
2017-01-18,41.290000915527344,42.86000061035156,36940.0,48850.0
2017-01-19,41.13999938964844,42.45000076293945,37480.0,49600.0
2017-01-20,41.31999969482422,42.59000015258789,37200.0,49150.0
2017-01-23,41.43000030517578,41.959999084472656,38060.0,50800.0
2017-01-24,41.900001525878906,42.72999954223633,38160.0,51600.0
2017-01-25,42.119998931884766,43.86000061035156,39400.0,51700.0
2017-01-26,41.810001373291016,44.02000045776367,39900.0,53300.0
2017-01-27,41.45000076293945,43.650001525878906,39900.0,53300.0
2017-01-30,41.380001068115234,43.119998931884766,39900.0,53300.0
2017-01-31,41.56999969482422,42.4900016784668,39460.0,53700.0
2017-02-01,41.2599983215332,42.70000076293945,39120.0,54000.0
2017-02-02,41.400001525878906,42.130001068115234,39360.0,52800.0
2017-02-03,41.540000915527344,44.43000030517578,39460.0,53700.0
2017-02-06,41.560001373291016,44.630001068115234,39560.0,53700.0
2017-02-07,41.900001525878906,44.869998931884766,38820.0,53300.0
2017-02-08,42.02000045776367,43.90999984741211,38400.0,54600.0
2017-02-09,41.25,44.849998474121094,38400.0,52700.0
2017-02-10,40.58000183105469,44.70000076293945,38360.0,50000.0
2017-02-13,40.619998931884766,45.2599983215332,37960.0,50700.0
2017-02-14,40.529998779296875,46.040000915527344,37580.0,48450.0
2017-02-15,40.439998626708984,46.4900016784668,37720.0,47900.0
2017-02-16,41.20000076293945,46.11000061035156,38020.0,49600.0
2017-02-17,41.22999954223633,46.150001525878906,37860.0,50400.0
2017-02-20,41.22999954223633,46.150001525878906,38660.0,49900.0
2017-02-21,41.459999084472656,46.560001373291016,38940.0,50900.0
2017-02-22,41.599998474121094,46.52000045776367,39300.0,50600.0
2017-02-23,41.65999984741211,46.58000183105469,39180.0,50200.0
2017-02-24,41.779998779296875,45.529998779296875,38220.0,47500.0
2017-02-27,41.66999816894531,45.84000015258789,38060.0,46000.0
2017-02-28,41.959999084472656,45.66999816894531,38440.0,46700.0
2017-03-01,42.15999984741211,46.810001373291016,38440.0,46700.0
2017-03-02,42.470001220703125,46.279998779296875,39720.0,47700.0
2017-03-03,42.47999954223633,46.83000183105469,39620.0,47100.0
2017-03-06,42.18000030517578,46.56999969482422,40080.0,49350.0
2017-03-07,41.9900016784668,46.33000183105469,40200.0,48800.0
2017-03-08,41.9900016784668,46.38999938964844,40200.0,48000.0
2017-03-09,42.029998779296875,46.68000030517578,40200.0,48000.0
2017-03-10,42.290000915527344,46.4900016784668,40180.0,49200.0
2017-03-13,42.029998779296875,46.2599983215332,40600.0,51000.0
2017-03-14,41.970001220703125,46.189998626708984,41360.0,50300.0
2017-03-15,42.119998931884766,45.849998474121094,41400.0,48800.0
2017-03-16,42.25,46.33000183105469,41840.0,49150.0
2017-03-17,42.029998779296875,45.02000045776367,42400.0,46750.0
2017-03-20,42.18000030517578,44.59000015258789,41900.0,47600.0
2017-03-21,42.5,42.65999984741211,42560.0,47550.0
2017-03-22,42.380001068115234,42.209999084472656,42460.0,48650.0
2017-03-23,42.16999816894531,42.59000015258789,41800.0,48450.0
2017-03-24,42.119998931884766,42.459999084472656,41500.0,49500.0
2017-03-27,42.31999969482422,41.58000183105469,41200.0,50700.0
2017-03-28,42.43000030517578,42.4900016784668,41480.0,50800.0
2017-03-29,42.41999816894531,42.79999923706055,41780.0,51300.0
2017-03-30,42.599998474121094,43.43000030517578,41980.0,50900.0
2017-03-31,42.439998626708984,42.84000015258789,41200.0,50500.0
2017-04-03,42.40999984741211,42.709999084472656,41440.0,51800.0
2017-04-04,42.68000030517578,42.5099983215332,42080.0,51000.0
2017-04-05,42.56999969482422,41.7400016784668,42140.0,50300.0
2017-04-06,42.66999816894531,42.09000015258789,41840.0,49400.0
2017-04-07,42.61000061035156,41.95000076293945,41600.0,49800.0
2017-04-10,42.689998626708984,41.90999984741211,41940.0,49000.0
2017-04-11,42.65999984741211,41.58000183105469,41600.0,48850.0
2017-04-12,42.939998626708984,41.06999969482422,41900.0,49000.0
2017-04-13,42.790000915527344,40.689998626708984,42420.0,49750.0
2017-04-14,42.790000915527344,40.689998626708984,42020.0,49800.0
2017-04-17,43.06999969482422,41.4900016784668,41560.0,49200.0
2017-04-18,43.47999954223633,41.209999084472656,41500.0,50200.0
2017-04-19,43.22999954223633,42.040000915527344,40900.0,49850.0
2017-04-20,43.09000015258789,42.5,40280.0,51400.0
2017-04-21,43.06999969482422,41.79999923706055,40760.0,52000.0
2017-04-24,43.279998779296875,43.560001373291016,41240.0,52400.0
2017-04-25,43.11000061035156,44.27000045776367,42700.0,52400.0
2017-04-26,43.2400016784668,44.369998931884766,42800.0,53700.0
2017-04-27,43.0099983215332,43.540000915527344,43840.0,53600.0
2017-04-28,43.150001525878906,43.369998931884766,44620.0,54000.0
2017-05-01,43.220001220703125,43.7400016784668,44620.0,54000.0
2017-05-02,43.38999938964844,43.349998474121094,44900.0,55400.0
2017-05-03,43.31999969482422,43.47999954223633,44900.0,55400.0
2017-05-04,43.65999984741211,43.279998779296875,45520.0,55900.0
2017-05-05,43.689998626708984,43.08000183105469,45520.0,55900.0
2017-05-08,43.88999938964844,43.02000045776367,47020.0,56900.0
2017-05-09,43.5099983215332,42.83000183105469,47020.0,56900.0
2017-05-10,43.56999969482422,43.099998474121094,45600.0,55600.0
2017-05-11,43.66999816894531,42.869998931884766,45500.0,56400.0
2017-05-12,43.59000015258789,42.72999954223633,45820.0,55300.0
2017-05-15,43.72999954223633,43.43000030517578,46100.0,55600.0
2017-05-16,43.849998474121094,43.380001068115234,46380.0,55300.0
2017-05-17,43.93000030517578,40.970001220703125,46340.0,54700.0
2017-05-18,43.79999923706055,41.310001373291016,45940.0,55700.0
2017-05-19,43.900001525878906,41.79999923706055,44720.0,54200.0
2017-05-22,44.18000030517578,41.65999984741211,45100.0,56000.0
2017-05-23,44.38999938964844,42.41999816894531,44920.0,55100.0
2017-05-24,45.029998779296875,42.630001068115234,44880.0,55800.0
2017-05-25,45.40999984741211,42.630001068115234,45680.0,55800.0
2017-05-26,45.38999938964844,42.84000015258789,46080.0,57100.0
2017-05-29,45.38999938964844,42.84000015258789,45620.0,57900.0
2017-05-30,45.43000030517578,42.279998779296875,44640.0,57400.0
2017-05-31,45.470001220703125,41.7400016784668,44700.0,57000.0
2017-06-01,45.790000915527344,42.61000061035156,44680.0,56400.0
2017-06-02,45.88999938964844,42.52000045776367,45960.0,57100.0
2017-06-05,45.9900016784668,42.88999938964844,45940.0,56100.0
2017-06-06,45.97999954223633,42.939998626708984,45940.0,56100.0
2017-06-07,45.5099983215332,43.279998779296875,45300.0,56500.0
2017-06-08,45.130001068115234,44.099998474121094,45160.0,56700.0
2017-06-09,45.31999969482422,44.90999984741211,46100.0,58300.0
2017-06-12,45.33000183105469,44.849998474121094,45380.0,57500.0
2017-06-13,45.029998779296875,45.150001525878906,45400.0,58800.0
2017-06-14,45.29999923706055,44.90999984741211,45360.0,59300.0
2017-06-15,45.25,44.689998626708984,45680.0,60600.0
2017-06-16,45.310001373291016,44.47999954223633,45580.0,60500.0
2017-06-19,45.380001068115234,45.720001220703125,46560.0,62800.0
2017-06-20,45.61000061035156,45.5,48140.0,64000.0
2017-06-21,45.220001220703125,44.90999984741211,47480.0,64800.0
2017-06-22,45.06999969482422,44.61000061035156,47960.0,65000.0
2017-06-23,45.25,43.689998626708984,47620.0,65000.0
2017-06-26,45.43000030517578,44.0,48280.0,67500.0
2017-06-27,45.04999923706055,44.220001220703125,48300.0,69200.0
2017-06-28,45.31999969482422,44.31999969482422,47700.0,67200.0
2017-06-29,44.83000183105469,44.75,47940.0,68500.0
2017-06-30,44.849998474121094,44.560001373291016,47540.0,67400.0
2017-07-03,44.7599983215332,45.61000061035156,47220.0,66300.0
2017-07-04,44.7599983215332,45.61000061035156,47000.0,65800.0
2017-07-05,44.81999969482422,46.15999984741211,47580.0,68000.0
2017-07-06,44.400001525878906,46.130001068115234,48060.0,68100.0
2017-07-07,44.38999938964844,46.04999923706055,47860.0,66600.0
2017-07-10,44.380001068115234,45.9900016784668,48660.0,67300.0
2017-07-11,44.33000183105469,45.47999954223633,49000.0,69000.0
2017-07-12,44.5099983215332,44.959999084472656,49880.0,68900.0
2017-07-13,44.43000030517578,45.52000045776367,50560.0,70600.0
2017-07-14,44.68000030517578,45.20000076293945,50480.0,71100.0
2017-07-17,44.72999954223633,45.33000183105469,50640.0,71200.0
2017-07-18,44.66999816894531,45.13999938964844,50840.0,70800.0
2017-07-19,44.83000183105469,46.619998931884766,50740.0,71000.0
2017-07-20,44.81999969482422,46.5099983215332,51200.0,71300.0
2017-07-21,45.029998779296875,46.59000015258789,51080.0,71200.0
2017-07-24,44.84000015258789,46.709999084472656,50860.0,73000.0
2017-07-25,45.2400016784668,47.61000061035156,50000.0,70400.0
2017-07-26,45.7400016784668,47.209999084472656,49840.0,66800.0
2017-07-27,46.119998931884766,47.09000015258789,49800.0,68400.0
2017-07-28,46.0099983215332,46.65999984741211,47760.0,64600.0
2017-07-31,45.84000015258789,46.900001525878906,48200.0,66000.0
2017-08-01,45.70000076293945,47.209999084472656,48600.0,65500.0
2017-08-02,45.59000015258789,47.33000183105469,49000.0,68000.0
2017-08-03,45.66999816894531,47.2599983215332,47780.0,65500.0
2017-08-04,45.5,48.08000183105469,47700.0,64000.0
2017-08-07,45.63999938964844,48.310001373291016,47580.0,64100.0
2017-08-08,45.599998474121094,47.93000030517578,47720.0,66300.0
2017-08-09,45.59000015258789,47.650001525878906,46280.0,64200.0
2017-08-10,45.7400016784668,46.29999923706055,45900.0,64400.0
2017-08-11,45.59000015258789,45.650001525878906,44620.0,61400.0
2017-08-14,45.79999923706055,46.5099983215332,45000.0,65100.0
2017-08-15,46.189998626708984,46.43000030517578,45000.0,65100.0
2017-08-16,46.20000076293945,46.0099983215332,46200.0,66100.0
2017-08-17,45.86000061035156,45.09000015258789,47040.0,66400.0
2017-08-18,45.66999816894531,45.38999938964844,46900.0,67000.0
2017-08-21,45.68000030517578,44.68000030517578,46840.0,67200.0
2017-08-22,45.599998474121094,45.56999969482422,47000.0,68200.0
2017-08-23,45.540000915527344,45.79999923706055,47480.0,68000.0
2017-08-24,45.40999984741211,46.0,47520.0,68100.0
2017-08-25,45.56999969482422,45.939998626708984,47020.0,68400.0
2017-08-28,45.41999816894531,45.47999954223633,46100.0,67900.0
2017-08-29,45.45000076293945,45.349998474121094,46080.0,67600.0
2017-08-30,45.38999938964844,45.65999984741211,46200.0,68500.0
2017-08-31,45.54999923706055,45.5,46320.0,68600.0
2017-09-01,45.779998779296875,46.189998626708984,46480.0,68700.0
2017-09-04,45.779998779296875,46.189998626708984,46040.0,68100.0
2017-09-05,45.91999816894531,44.88999938964844,46760.0,69900.0
2017-09-06,45.959999084472656,45.06999969482422,47000.0,71700.0
2017-09-07,46.279998779296875,44.06999969482422,48120.0,71400.0
2017-09-08,46.29999923706055,44.0099983215332,49080.0,72600.0
2017-09-11,46.52000045776367,45.15999984741211,49800.0,73800.0
2017-09-12,46.720001220703125,45.75,49600.0,74700.0
2017-09-13,46.869998931884766,46.220001220703125,49620.0,75700.0
2017-09-14,46.11000061035156,46.41999816894531,50300.0,76800.0
2017-09-15,46.18000030517578,46.599998474121094,50400.0,77200.0
2017-09-18,46.11000061035156,47.31999969482422,52480.0,79700.0
2017-09-19,45.97999954223633,47.66999816894531,52120.0,79200.0
2017-09-20,45.779998779296875,47.88999938964844,52220.0,80700.0
2017-09-21,45.400001525878906,48.2599983215332,52800.0,83100.0
2017-09-22,45.4900016784668,48.220001220703125,52800.0,83100.0
2017-09-25,45.689998626708984,47.7400016784668,53620.0,86300.0
2017-09-26,45.56999969482422,47.459999084472656,53620.0,86300.0
2017-09-27,44.63999938964844,48.06999969482422,51680.0,82400.0
2017-09-28,44.90999984741211,48.150001525878906,51260.0,83200.0
2017-09-29,45.0099983215332,48.16999816894531,51280.0,82900.0
2017-10-02,44.79999923706055,48.91999816894531,51280.0,82900.0
2017-10-03,45.189998626708984,49.279998779296875,51280.0,82900.0
2017-10-04,45.5,49.0099983215332,51280.0,82900.0
2017-10-05,45.52000045776367,49.630001068115234,51280.0,82900.0
2017-10-06,45.4900016784668,49.7599983215332,51280.0,82900.0
2017-10-09,45.40999984741211,49.380001068115234,51280.0,82900.0
2017-10-10,45.869998931884766,49.4900016784668,52800.0,88700.0
2017-10-11,46.099998474121094,49.18000030517578,54640.0,89100.0
2017-10-12,46.11000061035156,48.59000015258789,54800.0,88500.0
2017-10-13,46.18000030517578,48.29999923706055,54000.0,86100.0
2017-10-16,46.619998931884766,48.939998626708984,53920.0,84200.0
2017-10-17,46.52000045776367,49.119998931884766,54800.0,83500.0
2017-10-18,46.400001525878906,50.150001525878906,54760.0,80900.0
2017-10-19,46.59000015258789,49.790000915527344,52980.0,79000.0
2017-10-20,46.380001068115234,50.68000030517578,53840.0,81200.0
2017-10-23,46.31999969482422,50.61000061035156,54300.0,84700.0
2017-10-24,46.18000030517578,51.06999969482422,54040.0,81800.0
2017-10-25,46.04999923706055,50.529998779296875,53900.0,81700.0
2017-10-26,46.22999954223633,50.77000045776367,52400.0,78700.0
2017-10-27,46.06999969482422,51.15999984741211,53080.0,78400.0
2017-10-30,45.86000061035156,50.459999084472656,54040.0,79800.0
2017-10-31,45.97999954223633,50.0,55080.0,82200.0
2017-11-01,45.79999923706055,49.630001068115234,57220.0,85300.0
2017-11-02,45.880001068115234,50.41999816894531,57060.0,83400.0
2017-11-03,45.970001220703125,50.02000045776367,56380.0,84400.0
2017-11-06,45.470001220703125,50.13999938964844,56380.0,83500.0
2017-11-07,45.939998626708984,49.38999938964844,56100.0,82400.0
2017-11-08,46.18000030517578,49.040000915527344,56760.0,83200.0
2017-11-09,46.22999954223633,48.81999969482422,56340.0,82400.0
2017-11-10,46.540000915527344,48.7599983215332,56400.0,82000.0
2017-11-13,46.720001220703125,48.630001068115234,56380.0,82300.0
2017-11-14,47.43000030517578,48.380001068115234,55920.0,83400.0
2017-11-15,46.810001373291016,48.099998474121094,55340.0,82000.0
2017-11-16,46.54999923706055,48.599998474121094,55780.0,82500.0
2017-11-17,45.709999084472656,48.70000076293945,55820.0,83000.0
2017-11-20,45.459999084472656,49.11000061035156,55200.0,82100.0
2017-11-21,45.779998779296875,49.380001068115234,55280.0,85000.0
2017-11-22,45.84000015258789,49.09000015258789,55960.0,86800.0
2017-11-23,45.84000015258789,49.09000015258789,55300.0,84700.0
2017-11-24,45.880001068115234,49.060001373291016,55460.0,85100.0
2017-11-27,45.900001525878906,49.0,52640.0,83100.0
2017-11-28,45.83000183105469,50.400001525878906,53280.0,82600.0
2017-11-29,45.5,51.31999969482422,52600.0,82400.0
2017-11-30,45.77000045776367,51.61000061035156,50800.0,76800.0
2017-12-01,45.970001220703125,51.95000076293945,50840.0,77400.0
2017-12-04,46.22999954223633,52.68000030517578,51340.0,79100.0
2017-12-05,46.2599983215332,52.0099983215332,51260.0,77900.0
2017-12-06,46.45000076293945,51.689998626708984,50020.0,77500.0
2017-12-07,45.779998779296875,52.349998474121094,50740.0,76000.0
2017-12-08,45.310001373291016,52.88999938964844,52000.0,78700.0
2017-12-11,45.33000183105469,52.77000045776367,51780.0,78700.0
2017-12-12,45.290000915527344,53.849998474121094,52100.0,77800.0
2017-12-13,45.900001525878906,53.18000030517578,51320.0,76800.0
2017-12-14,46.029998779296875,52.63999938964844,51060.0,76000.0
2017-12-15,46.189998626708984,53.099998474121094,50620.0,75700.0
2017-12-18,45.93000030517578,53.2400016784668,51200.0,77200.0
2017-12-19,46.130001068115234,52.93000030517578,51560.0,80200.0
2017-12-20,46.08000183105469,52.5099983215332,51560.0,80200.0
2017-12-21,45.599998474121094,52.880001068115234,49140.0,77000.0
2017-12-22,45.59000015258789,52.720001220703125,49700.0,76700.0
2017-12-26,45.810001373291016,52.470001220703125,48200.0,74000.0
2017-12-27,45.93000030517578,52.56999969482422,49360.0,75100.0
2017-12-28,45.720001220703125,52.650001525878906,50960.0,76500.0
2017-12-29,45.880001068115234,52.470001220703125,50960.0,76500.0
2018-01-02,45.540000915527344,52.189998626708984,51020.0,76600.0
2018-01-03,45.439998626708984,52.33000183105469,51620.0,77700.0
2018-01-04,46.08000183105469,53.130001068115234,51080.0,77100.0
2018-01-05,46.06999969482422,53.11000061035156,52120.0,79300.0
2018-01-08,46.0,52.88999938964844,52020.0,78200.0
2018-01-09,46.22999954223633,53.29999923706055,50400.0,76900.0
2018-01-10,46.06999969482422,53.93000030517578,48840.0,72900.0
2018-01-11,46.040000915527344,54.20000076293945,48240.0,72600.0
2018-01-12,46.150001525878906,55.119998931884766,48200.0,74400.0
2018-01-15,46.150001525878906,55.119998931884766,48540.0,72700.0
2018-01-16,46.529998779296875,54.599998474121094,50000.0,74400.0
2018-01-17,46.81999969482422,55.349998474121094,49620.0,74100.0
2018-01-18,46.880001068115234,55.84000015258789,49900.0,75200.0
2018-01-19,47.15999984741211,57.459999084472656,49320.0,73300.0
2018-01-22,47.380001068115234,57.36000061035156,48240.0,71100.0
2018-01-23,47.45000076293945,56.90999984741211,49160.0,71300.0
2018-01-24,47.83000183105469,57.2400016784668,49340.0,72400.0
2018-01-25,47.84000015258789,56.810001373291016,50260.0,75800.0
2018-01-26,48.529998779296875,57.599998474121094,50780.0,75500.0
2018-01-29,47.70000076293945,57.45000076293945,51220.0,75300.0
2018-01-30,47.40999984741211,56.599998474121094,49800.0,73100.0
2018-01-31,47.59000015258789,56.54999923706055,49900.0,73500.0
2018-02-01,47.45000076293945,57.45000076293945,49820.0,74400.0
2018-02-02,46.72999954223633,55.47999954223633,47700.0,72200.0
2018-02-05,44.88999938964844,52.54999923706055,47920.0,70200.0
2018-02-06,44.66999816894531,54.33000183105469,47420.0,70200.0
2018-02-07,44.560001373291016,54.54999923706055,45800.0,71100.0
2018-02-08,43.099998474121094,51.790000915527344,46000.0,73900.0
2018-02-09,43.130001068115234,52.13999938964844,44700.0,73400.0
2018-02-12,43.970001220703125,53.43000030517578,45720.0,74500.0
2018-02-13,44.189998626708984,53.38999938964844,47540.0,77700.0
2018-02-14,44.099998474121094,55.04999923706055,49000.0,77600.0
2018-02-15,44.779998779296875,55.400001525878906,49000.0,77600.0
2018-02-16,44.97999954223633,55.13999938964844,49000.0,77600.0
2018-02-19,44.97999954223633,55.13999938964844,48380.0,76500.0
2018-02-20,43.9900016784668,55.060001373291016,47400.0,75500.0
2018-02-21,43.34000015258789,55.099998474121094,47280.0,76900.0
2018-02-22,43.52000045776367,54.86000061035156,46760.0,75900.0
2018-02-23,44.040000915527344,56.06999969482422,47220.0,77300.0
2018-02-26,44.029998779296875,57.0099983215332,47380.0,77500.0
2018-02-27,43.619998931884766,56.720001220703125,47380.0,78700.0
2018-02-28,43.220001220703125,56.02000045776367,47060.0,76800.0
2018-03-01,43.43000030517578,54.4900016784668,47060.0,76800.0
2018-03-02,43.720001220703125,54.7400016784668,46020.0,77400.0
2018-03-05,43.88999938964844,55.4900016784668,45200.0,78300.0
2018-03-06,43.93000030517578,56.560001373291016,47020.0,82400.0
2018-03-07,43.81999969482422,56.880001068115234,48620.0,82700.0
2018-03-08,44.45000076293945,56.959999084472656,49200.0,83500.0
2018-03-09,44.81999969482422,58.66999816894531,49740.0,83300.0
2018-03-12,44.529998779296875,58.90999984741211,49740.0,84900.0
2018-03-13,44.56999969482422,58.029998779296875,51660.0,90000.0
2018-03-14,43.779998779296875,56.9900016784668,51760.0,90700.0
2018-03-15,43.66999816894531,57.220001220703125,51540.0,89600.0
2018-03-16,43.459999084472656,57.5099983215332,51140.0,89800.0
2018-03-19,43.2599983215332,56.95000076293945,50740.0,89900.0
2018-03-20,43.15999984741211,57.470001220703125,51200.0,89600.0
2018-03-21,43.0,57.11000061035156,51060.0,88400.0
2018-03-22,42.7599983215332,54.63999938964844,51780.0,88600.0
2018-03-23,42.33000183105469,52.06999969482422,49720.0,83100.0
2018-03-26,42.689998626708984,54.29999923706055,50280.0,84000.0
2018-03-27,42.88999938964844,53.150001525878906,49980.0,81400.0
2018-03-28,43.31999969482422,52.90999984741211,48700.0,80300.0
2018-03-29,43.43000030517578,53.959999084472656,49040.0,80300.0
2018-03-30,43.43000030517578,53.959999084472656,49220.0,81300.0
2018-04-02,42.66999816894531,52.720001220703125,48540.0,81300.0
2018-04-03,43.380001068115234,53.16999816894531,48120.0,81800.0
2018-04-04,44.2400016784668,53.66999816894531,46920.0,80400.0
2018-04-05,44.400001525878906,54.86000061035156,48740.0,82900.0
2018-04-06,43.91999816894531,53.040000915527344,48400.0,80300.0
2018-04-09,43.83000183105469,53.349998474121094,49200.0,80600.0
2018-04-10,43.9900016784668,54.13999938964844,48880.0,80400.0
2018-04-11,43.9900016784668,52.7400016784668,48860.0,81200.0
2018-04-12,44.029998779296875,53.849998474121094,49000.0,84000.0
2018-04-13,44.5099983215332,52.97999954223633,49800.0,84200.0
2018-04-16,44.68000030517578,53.400001525878906,50340.0,84000.0
2018-04-17,44.880001068115234,53.2400016784668,49980.0,82800.0
2018-04-18,44.5099983215332,53.2599983215332,51360.0,84600.0
2018-04-19,44.310001373291016,54.70000076293945,52780.0,87900.0
2018-04-20,43.7400016784668,54.459999084472656,51620.0,84400.0
2018-04-23,43.97999954223633,53.63999938964844,51900.0,84400.0
2018-04-24,43.06999969482422,53.06999969482422,50460.0,82100.0
2018-04-25,42.43000030517578,52.040000915527344,50400.0,82400.0
2018-04-26,42.75,52.20000076293945,52140.0,86500.0
2018-04-27,43.310001373291016,51.86000061035156,53000.0,87100.0
2018-04-30,43.209999084472656,51.619998931884766,53000.0,84500.0
2018-05-01,42.59000015258789,51.810001373291016,53000.0,84500.0
2018-05-02,42.060001373291016,51.70000076293945,53000.0,83100.0
2018-05-03,41.88999938964844,51.08000183105469,53000.0,82900.0
2018-05-04,42.36000061035156,51.400001525878906,51900.0,83000.0
2018-05-07,42.13999938964844,52.38999938964844,51900.0,83000.0
2018-05-08,41.810001373291016,53.380001068115234,52600.0,83500.0
2018-05-09,41.779998779296875,54.13999938964844,50900.0,83400.0
2018-05-10,42.18000030517578,55.040000915527344,51600.0,85800.0
2018-05-11,42.13999938964844,55.20000076293945,51300.0,86100.0
2018-05-14,42.040000915527344,55.220001220703125,50100.0,85400.0
2018-05-15,41.720001220703125,54.849998474121094,49200.0,84600.0
2018-05-16,41.54999923706055,54.970001220703125,49850.0,87000.0
2018-05-17,42.29999923706055,54.869998931884766,49400.0,86700.0
2018-05-18,42.18000030517578,53.91999816894531,49500.0,87900.0
2018-05-21,42.40999984741211,54.36000061035156,50000.0,89100.0
2018-05-22,42.25,54.880001068115234,50000.0,89100.0
2018-05-23,42.400001525878906,54.349998474121094,51800.0,95300.0
2018-05-24,42.31999969482422,54.0,51400.0,94600.0
2018-05-25,42.400001525878906,53.0099983215332,52700.0,95200.0
2018-05-28,42.400001525878906,53.0099983215332,52300.0,94500.0
2018-05-29,42.68000030517578,49.959999084472656,51300.0,94800.0
2018-05-30,43.130001068115234,50.970001220703125,49500.0,95000.0
2018-05-31,43.0,50.13999938964844,50700.0,93400.0
2018-06-01,43.119998931884766,51.209999084472656,51300.0,91400.0
2018-06-04,43.4900016784668,51.54999923706055,51100.0,89800.0
2018-06-05,43.11000061035156,50.779998779296875,51300.0,91000.0
2018-06-06,43.459999084472656,51.90999984741211,51300.0,91000.0
2018-06-07,43.439998626708984,52.13999938964844,50600.0,90900.0
2018-06-08,43.95000076293945,51.90999984741211,49650.0,88400.0
2018-06-11,43.95000076293945,51.90999984741211,49900.0,89200.0
