Date,Open,High,Low,Close,Adj Close,Volume
2012-08-31,28.610001,28.84,28.200001,28.52,28.52,539800
2012-09-04,28.52,28.99,27.9,28.139999,28.139999,752500
2012-09-05,28.01,28.5,27.809999,27.940001,27.940001,639300
2012-09-06,28,28.9,27.9,28.549999,28.549999,841700
2012-09-07,28.549999,29.57,28.5,29.35,29.35,953200
2012-09-10,29.200001,29.35,27.299999,27.370001,27.370001,1483300
2012-09-11,27.76,28.16,27.4,27.799999,27.799999,1014900
2012-09-12,27.9,28.58,27.799999,28.280001,28.280001,1145200
2012-09-13,28.57,29.5,28.48,29.48,29.48,1484700
2012-09-14,30,30.65,29.65,30.389999,30.389999,1536600
2012-09-17,32.349998,32.779999,31.51,32.540001,32.540001,3212800
2012-09-18,31.879999,31.9,30.68,31.34,31.34,1788500
2012-09-19,31,31.74,30.940001,31.049999,31.049999,1048500
2012-09-20,30.93,31.5,30.68,30.9,30.9,912400
2012-09-21,31.1,31.49,29.540001,30.02,30.02,1870000
2012-09-24,29.51,31.030001,29.4,30.66,30.66,1301900
2012-09-25,28.620001,29.48,27.530001,27.66,27.66,5680400
2012-09-26,27.66,28.4,27.48,27.540001,27.540001,1527200
2012-09-27,27.82,28.540001,27.6,28.49,28.49,1758600
2012-09-28,28.73,29.889999,28.610001,29.280001,29.280001,4343400
2012-10-01,29.5,29.889999,29,29.16,29.16,884400
2012-10-02,29.280001,29.889999,29,29.799999,29.799999,729000
2012-10-03,29.75,29.950001,29.24,29.299999,29.299999,1052800
2012-10-04,30,30.1,28.65,29.4,29.4,1541300
2012-10-05,29.700001,29.809999,28.68,28.889999,28.889999,938600
2012-10-08,28.860001,29.4,28.610001,29.25,29.25,889700
2012-10-09,29.120001,29.120001,28.25,28.370001,28.370001,1193000
2012-10-10,28.389999,28.719999,28.01,28.4,28.4,503600
2012-10-11,28.940001,28.98,28.25,28.32,28.32,450600
2012-10-12,28.32,28.73,27.5,27.639999,27.639999,987600
2012-10-15,28.02,28.049999,26.860001,27.33,27.33,1468700
2012-10-16,27.67,28.09,27.34,28.059999,28.059999,479300
2012-10-17,28.25,28.84,27.799999,28.82,28.82,668000
2012-10-18,28.99,28.99,27.780001,28.040001,28.040001,741000
2012-10-19,27.83,28.200001,27.299999,27.74,27.74,1027400
2012-10-22,27.99,28,27.360001,27.85,27.85,470200
2012-10-23,27.379999,28.559999,27.370001,28.389999,28.389999,749000
2012-10-24,28.52,28.52,27.25,27.42,27.42,1016400
2012-10-25,27.799999,27.799999,27.450001,27.52,27.52,577700
2012-10-26,27.530001,27.799999,27.02,27.379999,27.379999,477400
2012-10-31,27.700001,28.35,27.370001,28.129999,28.129999,775200
2012-11-01,28.25,29.49,28.200001,29.25,29.25,1024100
2012-11-02,29.27,29.549999,28.549999,28.92,28.92,1030300
2012-11-05,29.799999,31.58,29.33,31.5,31.5,2048900
2012-11-06,30.610001,31.200001,29.950001,31.15,31.15,2324000
2012-11-07,31,32.049999,30.809999,31.540001,31.540001,1714500
2012-11-08,31.01,31.879999,30.940001,31.309999,31.309999,1274000
2012-11-09,30.6,30.93,29.85,30.32,30.32,863000
2012-11-12,30.290001,31.42,30.16,31.07,31.07,555900
2012-11-13,31.290001,32,30.719999,31.610001,31.610001,998300
2012-11-14,31.959999,32.119999,31.200001,31.379999,31.379999,871300
2012-11-15,31.299999,31.440001,30.5,30.82,30.82,984000
2012-11-16,31.15,32,30.59,31.84,31.84,908700
2012-11-19,32.07,33.25,31.84,32.919998,32.919998,1392400
2012-11-20,32.799999,33.099998,31.91,33,33,922500
2012-11-21,32.610001,33.470001,32.290001,32.470001,32.470001,963200
2012-11-23,32.599998,32.830002,31.700001,32.130001,32.130001,430300
2012-11-26,32.099998,32.299999,31.620001,32.27,32.27,495800
2012-11-27,32.130001,32.66,31.52,32.150002,32.150002,910800
2012-11-28,32,34.290001,31.91,33.23,33.23,1525200
2012-11-29,33.439999,34,32.869999,33.689999,33.689999,1103400
2012-11-30,33.630001,34.279999,33.009998,33.82,33.82,1420300
2012-12-03,33.889999,35,33.5,34.619999,34.619999,2085700
2012-12-04,34.080002,34.799999,33.549999,33.900002,33.900002,1263300
2012-12-05,33.82,34.189999,33.580002,33.709999,33.709999,661500
2012-12-06,33.82,34.799999,33.5,33.900002,33.900002,660400
2012-12-07,34.299999,34.490002,33.849998,34.169998,34.169998,664400
2012-12-10,34.43,34.799999,34.18,34.57,34.57,929800
2012-12-11,34.599998,35.5,34.459999,35.279999,35.279999,1572600
2012-12-12,35.209999,35.799999,34.950001,35.259998,35.259998,2063800
2012-12-13,35.259998,35.299999,32.75,33.610001,33.610001,2151300
2012-12-14,33.779999,34.400002,33.59,33.810001,33.810001,1023000
2012-12-17,33.77,34.5,33.75,34.400002,34.400002,824900
2012-12-18,34.259998,35.07,34.259998,34.59,34.59,1553900
2012-12-19,34.75,35.259998,34.52,34.610001,34.610001,1298800
2012-12-20,34.509998,34.790001,34.049999,34.43,34.43,921200
2012-12-21,33.939999,34.169998,33.580002,34,34,1492400
2012-12-24,33.639999,34.349998,33.549999,34.279999,34.279999,375800
2012-12-26,33.959999,34.5,33.5,33.59,33.59,601400
2012-12-27,33.5,33.91,33,33.689999,33.689999,561100
2012-12-28,33.380001,33.650002,33.02,33.220001,33.220001,414100
2012-12-31,33,33.970001,33,33.869999,33.869999,594900
2013-01-02,35,35.450001,34.709999,35.360001,35.360001,1194800
2013-01-03,35.18,35.450001,34.75,34.77,34.77,742000
2013-01-04,34.799999,34.799999,33.919998,34.400002,34.400002,674000
2013-01-07,34.799999,34.799999,33.900002,34.34,34.34,442000
2013-01-08,34.5,34.5,33.110001,33.68,33.68,1284000
2013-01-09,34.009998,34.189999,33.400002,33.639999,33.639999,698000
2013-01-10,33.869999,33.990002,33.380001,33.529999,33.529999,922500
2013-01-11,34.040001,34.040001,32.110001,32.91,32.91,1563200
2013-01-14,33.080002,33.380001,32.849998,33.259998,33.259998,925100
2013-01-15,33.110001,34.25,33.080002,33.900002,33.900002,1624200
2013-01-16,33.849998,34.23,33.73,34.099998,34.099998,1378200
2013-01-17,34.16,34.849998,33.919998,34.380001,34.380001,1436700
2013-01-18,34.740002,34.779999,33.82,34.52,34.52,3555100
2013-01-22,34.560001,35.549999,34.259998,35.189999,35.189999,1920200
2013-01-23,35.02,36.240002,34.959999,36,36,1564300
2013-01-24,36,37.720001,35.84,36.990002,36.990002,1970400
2013-01-25,37,37.540001,36.799999,36.98,36.98,1287800
2013-01-28,36.860001,38.709999,36.860001,38.029999,38.029999,1986000
2013-01-29,38.099998,38.439999,37.130001,37.950001,37.950001,1426600
2013-01-30,37.849998,38,37.43,37.52,37.52,968100
2013-01-31,37.869999,37.869999,36.93,37.509998,37.509998,901400
2013-02-01,38.169998,38.5,37.619999,38.299999,38.299999,1100600
2013-02-04,38.400002,38.419998,37.59,37.740002,37.740002,1128000
2013-02-05,38,38.650002,37.68,38.130001,38.130001,1310200
2013-02-06,38.18,39.389999,37.900002,39.169998,39.169998,1893200
2013-02-07,39.189999,39.68,38.950001,39.48,39.48,1196600
2013-02-08,39.450001,40,39.139999,39.240002,39.240002,1139800
2013-02-11,37.98,39.150002,37.5,38.419998,38.419998,3266300
2013-02-12,38.450001,38.869999,37.290001,37.889999,37.889999,2261300
2013-02-13,38.299999,39,38.049999,38.450001,38.450001,966800
2013-02-14,38.639999,38.75,38.209999,38.27,38.27,990700
2013-02-15,38.5,38.509998,36.950001,37.040001,37.040001,2017600
2013-02-19,37.360001,39.290001,37.310001,39.279999,39.279999,2701400
2013-02-20,39.299999,39.650002,38.459999,38.540001,38.540001,3122000
2013-02-21,36.490002,37.389999,34.540001,35.16,35.16,9037800
2013-02-22,35.720001,36.389999,35.599998,36.110001,36.110001,2547300
2013-02-25,36.150002,36.75,34.34,34.380001,34.380001,2889400
2013-02-26,34.459999,34.959999,33.799999,34.43,34.43,2762900
2013-02-27,34.41,35.41,34.400002,35.099998,35.099998,1959200
2013-02-28,35.889999,36.099998,34.369999,34.830002,34.830002,1964900
2013-03-01,35,35.080002,34.25,34.650002,34.650002,1546600
2013-03-04,34.77,35.830002,34.700001,35.580002,35.580002,1757700
2013-03-05,36,36.919998,35.790001,36.650002,36.650002,2087000
2013-03-06,37.009998,37.880001,36.970001,37.689999,37.689999,1150000
2013-03-07,37.73,38.650002,36.880001,38.23,38.23,1158300
2013-03-08,38.060001,39.439999,37.360001,38.470001,38.470001,912100
2013-03-11,38.869999,39.439999,38.650002,39.099998,39.099998,1579500
2013-03-12,38.900002,39.380001,38.849998,39.119999,39.119999,1275100
2013-03-13,39,39.490002,38.810001,38.98,38.98,822000
2013-03-14,38.900002,38.91,36.77,36.849998,36.849998,2021000
2013-03-15,36.639999,36.650002,35.209999,35.290001,35.290001,3279600
2013-03-18,35.299999,36.060001,34.919998,35.150002,35.150002,1316100
2013-03-19,35.25,35.599998,34.939999,35.080002,35.080002,1098500
2013-03-20,35.259998,36.07,35.16,35.950001,35.950001,1423000
2013-03-21,35.950001,37.060001,35.740002,36.009998,36.009998,1146300
2013-03-22,36.200001,36.799999,36.200001,36.619999,36.619999,440200
2013-03-25,37.099998,38.52,36.77,37.529999,37.529999,2378800
2013-03-26,37.98,38.220001,37.66,37.860001,37.860001,1808200
2013-03-27,37.939999,38.380001,37.310001,38.16,38.16,1296300
2013-03-28,38.23,38.240002,37.75,37.889999,37.889999,1158700
2013-04-01,42.360001,46.68,41.700001,43.93,43.93,14098500
2013-04-02,43.599998,45.5,43.509998,44.34,44.34,6652400
2013-04-03,43.099998,43.470001,40.209999,41.099998,41.099998,5643600
2013-04-04,41.110001,42.25,40.810001,42.009998,42.009998,2264800
2013-04-05,42,42,40.5,41.369999,41.369999,1552400
2013-04-08,41.970001,42.549999,41.509998,41.830002,41.830002,1679000
2013-04-09,41.799999,41.830002,40.330002,40.5,40.5,1696100
2013-04-10,40.700001,42.009998,40.610001,41.860001,41.860001,2121100
2013-04-11,42.060001,44.549999,41.75,43.59,43.59,3447400
2013-04-12,43.25,45.139999,43.049999,43.75,43.75,3149400
2013-04-15,43.5,43.799999,42.509998,43.299999,43.299999,1681400
2013-04-16,44.189999,46.139999,43.91,45.59,45.59,3180400
2013-04-17,45.5,45.950001,44.540001,45.450001,45.450001,2118500
2013-04-18,45.98,47.599998,45.389999,46.970001,46.970001,3367900
2013-04-19,47.459999,49.880001,47.07,47.830002,47.830002,3011700
2013-04-22,48.599998,50.200001,47.75,50.189999,50.189999,3939400
2013-04-23,51,52.919998,50.66,51.009998,51.009998,3733800
2013-04-24,50.900002,51.049999,48.98,50.43,50.43,2630000
2013-04-25,50.5,52.400002,50.5,52,52,2795900
2013-04-26,53.130001,53.740002,50.619999,51.200001,51.200001,3622100
2013-04-29,51.759998,54.990002,51.200001,54.939999,54.939999,3639700
2013-04-30,56,58.18,53.759998,53.990002,53.990002,5522600
2013-05-01,55.990002,55.990002,53,53.279999,53.279999,2742800
2013-05-02,53.849998,55.27,53.700001,54.110001,54.110001,3050400
2013-05-03,56.470001,56.470001,54.5,54.549999,54.549999,3378700
2013-05-06,56.389999,59.66,55.5,59.5,59.5,4366700
2013-05-07,62,62.369999,55.119999,55.509998,55.509998,9991000
2013-05-08,57.5,58.200001,55.709999,55.790001,55.790001,6769900
2013-05-09,70.120003,75.769997,63.689999,69.400002,69.400002,28605000
2013-05-10,69.650002,81,69.25,76.760002,76.760002,25082600
2013-05-13,80.989998,88,79.150002,87.800003,87.800003,22416900
2013-05-14,94.220001,97.120003,81.150002,83.239998,83.239998,37163900
2013-05-15,81.800003,86.879997,78.110001,84.839996,84.839996,16878700
2013-05-16,94.699997,95,88.660004,92.25,92.25,21614000
2013-05-17,92.5,94.440002,87.5,91.5,91.5,19002200
2013-05-20,91.120003,92.5,88.629997,89.940002,89.940002,8348400
2013-05-21,88.5,89.989998,85.279999,87.589996,87.589996,8998200
2013-05-22,86.370003,90.959999,85.5,87.239998,87.239998,8568000
2013-05-23,84.809998,93.010002,83.050003,92.730003,92.730003,12022200
2013-05-24,92.599998,97.949997,92,97.080002,97.080002,16124200
2013-05-28,101.550003,110.75,100.300003,110.330002,110.330002,19691900
2013-05-29,113.550003,114.900002,99,104.629997,104.629997,25099500
2013-05-30,102.459999,109.540001,101.199997,104.949997,104.949997,16133700
2013-05-31,106.260002,106.440002,97.730003,97.760002,97.760002,15172000
2013-06-03,97.620003,97.620003,88.25,92.589996,92.589996,19139600
2013-06-04,92.75,96.419998,92.400002,94.839996,94.839996,8856100
2013-06-05,93.660004,97.970001,89.110001,95.370003,95.370003,12224800
2013-06-06,95.25,99.269997,95.110001,97.349998,97.349998,9510900
2013-06-07,98,102.900002,96.699997,102.040001,102.040001,10711600
2013-06-10,98.93,102.519997,98.57,100.050003,100.050003,9228600
2013-06-11,98.18,98.68,94.050003,94.470001,94.470001,7394000
2013-06-12,96.800003,100.480003,95.75,97.730003,97.730003,9192700
2013-06-13,99,99.279999,95.120003,98.18,98.18,5961600
2013-06-14,100,102.519997,99.330002,100.300003,100.300003,6564700
2013-06-17,103.599998,104.75,101.199997,102.199997,102.199997,7066200
2013-06-18,101.75,103.980003,99.199997,103.389999,103.389999,8795300
2013-06-19,102.059998,106.669998,102.010002,104.68,104.68,8578900
2013-06-20,104.650002,107.129997,99.449997,100.650002,100.650002,10106500
2013-06-21,103.699997,103.699997,97.5,99.550003,99.550003,11718600
2013-06-24,96.5,102.870003,95.300003,101.489998,101.489998,7119800
2013-06-25,103.099998,104.199997,100.550003,102.400002,102.400002,5848700
2013-06-26,103.800003,105.870003,102.660004,105.720001,105.720001,6602600
2013-06-27,106.75,110.25,106.129997,109.25,109.25,8744900
2013-06-28,108.57,109.440002,106.709999,107.360001,107.360001,5748600
2013-07-01,109.360001,117.769997,109.150002,117.18,117.18,10903600
2013-07-02,118.25,121.889999,115.5,117.82,117.82,12064100
2013-07-03,118,119.25,114.269997,115.239998,115.239998,4806700
2013-07-05,118.32,120.279999,115.699997,120.089996,120.089996,6818700
2013-07-08,121.370003,122.18,118.82,121.610001,121.610001,7814200
2013-07-09,124.639999,125.32,121.910004,123.449997,123.449997,8603300
2013-07-10,123.190002,123.25,120.790001,122.269997,122.269997,5600100
2013-07-11,124.879997,126.089996,122.349998,125.610001,125.610001,7483600
2013-07-12,125.5,129.940002,124.510002,129.899994,129.899994,11344000
2013-07-15,133.029999,133.259995,126.82,127.260002,127.260002,9922400
2013-07-16,126.279999,126.32,107.300003,109.050003,109.050003,32371900
2013-07-17,106.519997,121.620003,104.5,120.25,120.25,26029000
2013-07-18,120.970001,122.730003,116.18,119.029999,119.029999,11398100
2013-07-19,118.5,120.550003,116.510002,119.68,119.68,5890300
2013-07-22,119.889999,126.68,119.879997,122.43,122.43,9797800
2013-07-23,124,125.559998,121.82,122.739998,122.739998,7736400
2013-07-24,124.470001,124.5,119.559998,121.699997,121.699997,6869000
2013-07-25,120.400002,124.75,120.190002,124.07,124.07,5284300
2013-07-26,128.139999,130.679993,126.610001,129.389999,129.389999,9633100
2013-07-29,129.320007,135.369995,128.25,134.619995,134.619995,9678900
2013-07-30,134.800003,137.490005,128.179993,131.740005,131.740005,13127000
2013-07-31,132.570007,134.970001,131.449997,134.279999,134.279999,6351700
2013-08-01,135,136.520004,132.630005,135.550003,135.550003,5323600
2013-08-02,134.589996,138.25,133.610001,138,138,6269900
2013-08-05,140.009995,144.889999,139.649994,144.679993,144.679993,10200700
2013-08-06,144.75,145.729996,141.100006,142.149994,142.149994,9254500
2013-08-07,141.889999,141.949997,132.360001,134.229996,134.229996,18212200
2013-08-08,154.350006,158.880005,150.460007,153.479996,153.479996,27246800
2013-08-09,152.399994,155.949997,151.25,153,153,8927700
2013-08-12,149.429993,150.5,142.050003,147.380005,147.380005,14912200
2013-08-13,149.5,149.839996,144.449997,145.429993,145.429993,8748900
2013-08-14,142.720001,144.839996,138.050003,139.360001,139.360001,11693800
2013-08-15,136.429993,143.600006,135,139.669998,139.669998,10179200
2013-08-16,141.630005,143.910004,140.970001,142,142,7108100
2013-08-19,143.429993,147.380005,142.830002,144.899994,144.899994,8037700
2013-08-20,148.649994,149.779999,147,149.580002,149.580002,6418200
2013-08-21,150,150.309998,146.25,147.860001,147.860001,6266300
2013-08-22,149.220001,157.479996,148.139999,157.100006,157.100006,10592400
2013-08-23,157,162.300003,155,161.839996,161.839996,12931900
2013-08-26,165.149994,173,160.25,164.220001,164.220001,24171100
2013-08-27,162.300003,168.800003,160.949997,167.009995,167.009995,17566900
2013-08-28,169.059998,171.5,163.25,166.449997,166.449997,14740100
2013-08-29,164.220001,167.75,162.509995,166.059998,166.059998,9436000
2013-08-30,166.369995,169.210007,163.960007,169,169,11028400
2013-09-03,173.399994,173.699997,166.399994,168.940002,168.940002,12061100
2013-09-04,169.770004,171.619995,165.559998,170.619995,170.619995,11475700
2013-09-05,170.100006,171.5,168.25,169.929993,169.929993,6685300
2013-09-06,168.570007,169.699997,165.149994,166.970001,166.970001,8619700
2013-09-09,163.119995,164.5,158.509995,160.699997,160.699997,14344500
2013-09-10,161.449997,167.5,160.630005,166.369995,166.369995,8967800
2013-09-11,166.410004,167.899994,162.130005,163.520004,163.520004,5832500
2013-09-12,164,166.759995,160.509995,164.929993,164.929993,6160000
2013-09-13,162.770004,166.369995,162.160004,165.539993,165.539993,5401200
2013-09-16,168,170.850006,165.850006,166.580002,166.580002,7574900
2013-09-17,165.080002,168.419998,163.360001,166.229996,166.229996,5496900
2013-09-18,167.070007,167.449997,164.199997,166.220001,166.220001,5439700
2013-09-19,170.800003,180.470001,169.080002,177.919998,177.919998,15594600
2013-09-20,178.899994,185.830002,178.559998,183.389999,183.389999,13401700
2013-09-23,184.479996,185.479996,177.110001,181.110001,181.110001,8173400
2013-09-24,179.139999,184.960007,177.649994,182.330002,182.330002,6273400
2013-09-25,183.559998,186.300003,180.5,185.240005,185.240005,8252700
2013-09-26,186.699997,189.679993,185.610001,188.639999,188.639999,6614400
2013-09-27,187.520004,191.279999,186.429993,190.899994,190.899994,5916400
2013-09-30,189,194.5,188,193.369995,193.369995,8924700
2013-10-01,193.960007,194.229996,188.369995,193,193,7755900
2013-10-02,188.589996,191.830002,175.399994,180.949997,180.949997,20775400
2013-10-03,175.050003,179.690002,168,173.309998,173.309998,23816500
2013-10-04,176.399994,181.179993,172.649994,180.979996,180.979996,14414000
2013-10-07,182.460007,186.729996,180.259995,183.070007,183.070007,11485600
2013-10-08,184.399994,185.929993,173.210007,174.729996,174.729996,13757200
2013-10-09,174.729996,174.990005,161.5,168.779999,168.779999,15316500
2013-10-10,173.089996,175.75,169.690002,172.929993,172.929993,8883900
2013-10-11,172.75,179.289993,171.199997,178.699997,178.699997,8311100
2013-10-14,175,182.5,174.149994,179.720001,179.720001,7769600
2013-10-15,185.279999,188.789993,183.179993,183.940002,183.940002,10978500
2013-10-16,184.899994,187.300003,182.089996,183.559998,183.559998,8205400
2013-10-17,183.539993,184.800003,180.990005,182.800003,182.800003,6705000
2013-10-18,184.149994,185.960007,182.520004,183.399994,183.399994,5930800
2013-10-21,183.279999,183.389999,171,172.600006,172.600006,11532100
2013-10-22,170.5,177.779999,166.110001,171.539993,171.539993,11386700
2013-10-23,168.910004,171.809998,160.149994,164.5,164.5,13320400
2013-10-24,165,174.5,162.830002,173.149994,173.149994,10825700
2013-10-25,174.210007,174.5,166.800003,169.660004,169.660004,7595500
2013-10-28,170.179993,170.5,162.199997,162.860001,162.860001,7841700
2013-10-29,162.759995,165.449997,153,164.470001,164.470001,14111700
2013-10-30,164.630005,167.679993,158.169998,159.220001,159.220001,8401800
2013-10-31,155.669998,162.440002,153.300003,159.940002,159.940002,9333800
2013-11-01,163,165.899994,160.410004,162.169998,162.169998,7180600
2013-11-04,165,175.389999,164.220001,175.199997,175.199997,13120400
2013-11-05,180,181.429993,171.360001,176.809998,176.809998,22467100
2013-11-06,154.809998,160.729996,146.350006,151.160004,151.160004,31071700
2013-11-07,144.190002,145.649994,137.619995,139.770004,139.770004,22284700
2013-11-08,136.479996,140.600006,132.320007,137.949997,137.949997,22477900
2013-11-11,141,145.419998,137.100006,144.699997,144.699997,13997600
2013-11-12,144.690002,144.699997,136.179993,137.800003,137.800003,14985200
2013-11-13,140.839996,142.369995,136.339996,138.699997,138.699997,12658300
2013-11-14,138.919998,140.399994,134.110001,137.600006,137.600006,12203700
2013-11-15,136.850006,137.949997,134.350006,135.449997,135.449997,9900200
2013-11-18,135.270004,135.449997,119.610001,121.580002,121.580002,23138200
2013-11-19,119.43,129,119.220001,126.089996,126.089996,19816200
2013-11-20,126.080002,127.449997,119.059998,121.110001,121.110001,13849600
2013-11-21,122.889999,124.790001,120.25,122.099998,122.099998,11903800
2013-11-22,121.580002,122.75,117.93,121.379997,121.379997,11096700
2013-11-25,124.5,125.839996,120.300003,120.839996,120.839996,10267300
2013-11-26,119.379997,122.720001,116.099998,120.5,120.5,13885500
2013-11-27,121.309998,126.949997,119.519997,126.940002,126.940002,12367600
2013-11-29,129.770004,130.589996,126.980003,127.279999,127.279999,9716200
2013-12-02,126.349998,128.550003,123.93,124.169998,124.169998,7751200
2013-12-03,132.679993,144.940002,131.589996,144.699997,144.699997,25682400
2013-12-04,144.320007,144.429993,137.130005,138.949997,138.949997,13147700
2013-12-05,140.149994,143.350006,139.5,140.479996,140.479996,9288400
2013-12-06,141.509995,142.490005,136.300003,137.360001,137.360001,7909600
2013-12-09,137,141.699997,134.210007,141.600006,141.600006,9061500
2013-12-10,140.050003,145.869995,139.860001,142.190002,142.190002,10748200
2013-12-11,141.880005,143.050003,139.490005,139.649994,139.649994,7137800
2013-12-12,139.699997,148.240005,138.529999,147.470001,147.470001,10767800
2013-12-13,148.050003,151.800003,147.320007,147.649994,147.649994,10591900
2013-12-16,148.479996,150.429993,146.100006,147.940002,147.940002,6675300
2013-12-17,147.580002,154.630005,146.320007,152.460007,152.460007,10495000
2013-12-18,152.240005,154.899994,145.949997,147.979996,147.979996,11581900
2013-12-19,146.899994,147,139.100006,140.720001,140.720001,12740000
2013-12-20,141.580002,144.350006,141.580002,143.240005,143.240005,7412600
2013-12-23,144.850006,146.240005,142.600006,143.550003,143.550003,5385500
2013-12-24,150,154.970001,149.820007,151.410004,151.410004,9941500
2013-12-26,155.039993,158,154.289993,155.5,155.5,7129500
2013-12-27,155.300003,155.5,150.800003,151.119995,151.119995,5460200
2013-12-30,151.119995,154.809998,150.75,152.440002,152.440002,4467500
2013-12-31,152.320007,153.199997,148.660004,150.429993,150.429993,4262400
2014-01-02,149.800003,152.479996,146.550003,150.100006,150.100006,6188400
2014-01-03,150,152.190002,148.600006,149.559998,149.559998,4695000
2014-01-06,150,150.399994,145.240005,147,147,5361100
2014-01-07,147.619995,150.399994,145.25,149.360001,149.360001,5034100
2014-01-08,148.850006,153.699997,148.759995,151.279999,151.279999,6163200
2014-01-09,152.5,153.429993,146.850006,147.529999,147.529999,5382000
2014-01-10,148.460007,148.899994,142.25,145.720001,145.720001,7446100
2014-01-13,145.779999,147,137.820007,139.339996,139.339996,6316100
2014-01-14,140.5,162,136.669998,161.270004,161.270004,27607000
2014-01-15,168.449997,172.229996,162.100006,164.130005,164.130005,20465600
2014-01-16,162.5,172.699997,162.399994,170.970001,170.970001,11959400
2014-01-17,170.190002,173.199997,167.949997,170.009995,170.009995,9206200
2014-01-21,171.240005,177.289993,170.809998,176.679993,176.679993,9734700
2014-01-22,177.809998,180.320007,174.759995,178.559998,178.559998,7022600
2014-01-23,177.229996,182.380005,173.419998,181.5,181.5,7867400
2014-01-24,177.850006,180.479996,173.529999,174.600006,174.600006,7664300
2014-01-27,175.160004,177.919998,164.710007,169.619995,169.619995,8716400
2014-01-28,171.5,178.979996,171,178.380005,178.380005,6093400
2014-01-29,175.300003,179.089996,173.130005,175.229996,175.229996,5935500
2014-01-30,178,184.779999,177.009995,182.839996,182.839996,8565000
2014-01-31,178.850006,186,178.509995,181.410004,181.410004,6508800
2014-02-03,182.889999,184.880005,175.160004,177.110001,177.110001,6764900
2014-02-04,180.699997,181.600006,176.199997,178.729996,178.729996,4686300
2014-02-05,178.300003,180.589996,169.360001,174.419998,174.419998,7268000
2014-02-06,176.300003,180.110001,176,178.380005,178.380005,5841600
2014-02-07,181.009995,186.630005,179.600006,186.529999,186.529999,8928500
2014-02-10,189.339996,199.300003,189.320007,196.559998,196.559998,12970700
2014-02-11,198.970001,202.199997,192.699997,196.619995,196.619995,10709900
2014-02-12,195.779999,198.270004,194.320007,195.320007,195.320007,5173700
2014-02-13,193.339996,202.720001,193.25,199.630005,199.630005,8029300
2014-02-14,198.100006,201.880005,197,198.229996,198.229996,6158000
2014-02-18,205.240005,206,201.360001,203.699997,203.699997,9332800
2014-02-19,203.699997,203.699997,193.410004,193.639999,193.639999,16169000
2014-02-20,215.009995,215.210007,206.270004,209.970001,209.970001,18002300
2014-02-21,211.639999,213.979996,209.190002,209.600006,209.600006,7818800
2014-02-24,208.759995,218.360001,208.320007,217.649994,217.649994,8278400
2014-02-25,230,259.200012,228.449997,248,248,32681700
2014-02-26,258.579987,265,247.5,253,253,24604600
2014-02-27,261.25,261.899994,248.330002,252.539993,252.539993,17945800
2014-02-28,249.649994,252.679993,242.550003,244.809998,244.809998,14589800
2014-03-03,237.259995,251.649994,234.990005,250.559998,250.559998,13089300
2014-03-04,258.480011,260,252.830002,254.839996,254.839996,8745600
2014-03-05,256.720001,256.98999,251.800003,252.660004,252.660004,5935700
2014-03-06,254.139999,257.5,249.449997,252.940002,252.940002,7361100
2014-03-07,252.940002,254.850006,244.410004,246.210007,246.210007,7812300
2014-03-10,242.699997,243,236.059998,238.839996,238.839996,7728100
2014-03-11,236.5,244.600006,232.429993,234.410004,234.410004,8810100
2014-03-12,231.5,247.5,231.110001,241.490005,241.490005,9754400
2014-03-13,243.789993,244.190002,234,237.789993,237.789993,6236300
2014-03-14,235.289993,236.940002,228.320007,230.970001,230.970001,8289700
2014-03-17,234.949997,237.929993,230.5,233.979996,233.979996,5912600
2014-03-18,236.949997,241.5,235.020004,240.039993,240.039993,6242300
2014-03-19,241.389999,241.550003,233.509995,235.839996,235.839996,5071300
2014-03-20,236.160004,239.25,233.360001,234.910004,234.910004,3817900
2014-03-21,236.020004,236.199997,227.5,228.889999,228.889999,8216900
2014-03-24,229.75,229.899994,210.270004,220.169998,220.169998,11328800
2014-03-25,224.139999,227.050003,217.899994,220.440002,220.440002,7865400
2014-03-26,221.949997,222.600006,211.350006,212.960007,212.960007,6907300
2014-03-27,212.369995,213.600006,203,207.320007,207.320007,9495700
2014-03-28,212.800003,216.720001,210.270004,212.369995,212.369995,9684800
2014-03-31,216.5,216.75,206.389999,208.449997,208.449997,8380000
2014-04-01,209.020004,218.160004,208.580002,216.970001,216.970001,7371400
2014-04-02,220,230.889999,218.050003,230.289993,230.289993,10782300
2014-04-03,230.300003,235.729996,222,225.399994,225.399994,10923700
2014-04-04,226.009995,228.270004,211.25,212.229996,212.229996,11345600
2014-04-07,205.809998,216.199997,203.509995,207.520004,207.520004,9855500
2014-04-08,210.050003,216.490005,206.419998,215.460007,215.460007,6889300
2014-04-09,216.759995,218.449997,210.889999,216.929993,216.929993,5157900
2014-04-10,216.820007,217.5,203.789993,204.190002,204.190002,7211500
2014-04-11,200.610001,207,198.600006,203.779999,203.779999,9067200
2014-04-14,207.600006,208.440002,194.410004,198.089996,198.089996,7703000
2014-04-15,199.089996,199.289993,184.320007,193.910004,193.910004,13659300
2014-04-16,197,199.990005,190.820007,199.110001,199.110001,7202200
2014-04-17,199.610001,202.289993,194.080002,198.119995,198.119995,5926800
2014-04-21,197.080002,206.199997,194,204.380005,204.380005,5258200
2014-04-22,206.360001,219.330002,205.009995,218.639999,218.639999,9804700
2014-04-23,216.330002,216.740005,207,207.990005,207.990005,7295600
2014-04-24,210.809998,212.800003,203.199997,207.860001,207.860001,5495200
2014-04-25,202,206.699997,197.649994,199.850006,199.850006,6996700
2014-04-28,200,203.789993,190.5,198.509995,198.509995,7042000
2014-04-29,198.210007,207.149994,195.529999,206.919998,206.919998,5779100
2014-04-30,203.600006,208.160004,201.279999,207.889999,207.889999,4440600
2014-05-01,207.080002,214.020004,205.690002,207.729996,207.729996,5439900
2014-05-02,208.600006,211.360001,206.520004,210.910004,210.910004,4086800
2014-05-05,209.479996,217.690002,208.520004,216.610001,216.610001,5147000
2014-05-06,216.600006,218.660004,206.850006,207.279999,207.279999,5636700
2014-05-07,209.639999,210.199997,197.25,201.350006,201.350006,10179300
2014-05-08,182,194.399994,178,178.589996,178.589996,20056600
2014-05-09,179.860001,183.399994,177.220001,182.259995,182.259995,8495200
2014-05-12,183.869995,187.190002,179.880005,184.669998,184.669998,7002300
2014-05-13,183.759995,191.339996,183,190.160004,190.160004,7097200
2014-05-14,188.949997,193.479996,187.100006,190.619995,190.619995,5406700
2014-05-15,189.979996,192.660004,185.300003,188.589996,188.589996,6040400
2014-05-16,188.949997,192.039993,187.720001,191.559998,191.559998,4487700
2014-05-19,190.720001,196.889999,190,196.089996,196.089996,4571700
2014-05-20,196.940002,199.330002,193.070007,195.300003,195.300003,5546100
2014-05-21,196.179993,199.869995,194.789993,199.449997,199.449997,5285400
2014-05-22,200.350006,206.880005,199.559998,204.880005,204.880005,6214500
2014-05-23,204.529999,207.759995,202.5,207.300003,207.300003,4006800
2014-05-27,208.520004,213.869995,207.699997,211.559998,211.559998,5341100
2014-05-28,210.020004,212.770004,205.259995,210.240005,210.240005,5495100
2014-05-29,210.570007,212.490005,207.720001,210.240005,210.240005,3692500
2014-05-30,210.300003,214.800003,207.020004,207.770004,207.770004,5581100
2014-06-02,207.330002,209.350006,201.669998,204.699997,204.699997,4668100
2014-06-03,203.490005,208,202.589996,204.940002,204.940002,3860800
2014-06-04,204.350006,206.259995,200.399994,203.990005,203.990005,3427400
2014-06-05,204.470001,209.199997,204.050003,206.899994,206.899994,4054600
2014-06-06,209.75,210.809998,207.179993,208.169998,208.169998,3073800
2014-06-09,207.949997,209.990005,204.199997,205.309998,205.309998,2805700
2014-06-10,204.429993,206.970001,201.550003,202.300003,202.300003,3514700
2014-06-11,201.5,205,199.25,204.470001,204.470001,3977500
2014-06-12,205.100006,209.880005,202.710007,203.520004,203.520004,5993700
2014-06-13,204.779999,206.789993,201.580002,206.419998,206.419998,3544300
2014-06-16,206.759995,225.490005,206.259995,224.610001,224.610001,13246400
2014-06-17,224.110001,235.539993,222.850006,231.669998,231.669998,13304900
2014-06-18,231.5,231.710007,226.119995,227.119995,227.119995,6940200
2014-06-19,228.880005,235.309998,227,227.789993,227.789993,8793100
2014-06-20,228.520004,231.289993,226.199997,229.589996,229.589996,4903900
2014-06-23,229.509995,238.990005,228.220001,237.220001,237.220001,7791100
2014-06-24,238.970001,241.880005,231.630005,232.5,232.5,8075900
2014-06-25,233.050003,237.550003,230.240005,236.889999,236.889999,5801600
2014-06-26,237.169998,240.399994,234.210007,235.600006,235.600006,5121400
2014-06-27,234.690002,240,234.5,239.059998,239.059998,5635000
2014-06-30,239.550003,244.490005,239,240.059998,240.059998,4828600
2014-07-01,242.460007,243.440002,238.699997,239.720001,239.720001,4336100
2014-07-02,240.660004,242.330002,227.070007,229.429993,229.429993,8027400
2014-07-03,231.289993,231.899994,224,229.25,229.25,5166700
2014-07-07,227.5,229.779999,220.399994,222.660004,222.660004,5893700
2014-07-08,218.649994,220.960007,214.270004,219.070007,219.070007,7836200
2014-07-09,221.270004,224.220001,219.210007,223.059998,223.059998,4115400
2014-07-10,217.179993,222.220001,216.039993,219.460007,219.460007,4863900
2014-07-11,220.610001,221.600006,217.600006,218.130005,218.130005,3302300
2014-07-14,219.990005,228.789993,215.449997,226.699997,226.699997,7203200
2014-07-15,226.729996,227.649994,218.100006,219.580002,219.580002,5718500
2014-07-16,221.820007,224.800003,216.820007,217.160004,217.160004,4044500
2014-07-17,216.160004,220.550003,213.600006,215.399994,215.399994,4649400
2014-07-18,215.949997,221.210007,215.929993,220.020004,220.020004,4253700
2014-07-21,217.25,223.210007,216.720001,220.539993,220.539993,3822200
2014-07-22,222.190002,223.300003,219.110001,219.580002,219.580002,2730000
2014-07-23,220.009995,224.75,219.429993,222.490005,222.490005,3083300
2014-07-24,223.25,225.100006,220.800003,223.539993,223.539993,3245500
2014-07-25,222.720001,226.970001,221.75,223.570007,223.570007,3087100
2014-07-28,224.25,232,221.399994,224.820007,224.820007,6514300
2014-07-29,226.610001,228.300003,224.860001,225.009995,225.009995,3382400
2014-07-30,221.919998,229.600006,221.039993,228.919998,228.919998,4927800
2014-07-31,229.259995,231.399994,221.5,223.300003,223.300003,7749100
2014-08-01,226.089996,237.5,226,233.270004,233.270004,11895800
2014-08-04,234.380005,240.5,233.270004,238.520004,238.520004,5959700
2014-08-05,237.470001,242.990005,235.690002,238.490005,238.490005,5388600
2014-08-06,238.899994,251.419998,238.580002,248.929993,248.929993,9249300
2014-08-07,250.119995,256.690002,249.119995,252.389999,252.389999,7478900
2014-08-08,251.160004,251.759995,246.5,248.130005,248.130005,5090100
2014-08-11,255.479996,263.73999,255,259.320007,259.320007,8101300
2014-08-12,258.079987,260.299988,254.580002,259.959991,259.959991,6382300
2014-08-13,262.01001,265.640015,259.609985,260.309998,260.309998,6932600
2014-08-14,262.48999,263,256.5,261.380005,261.380005,4126600
2014-08-15,261.480011,262.089996,258.5,262.01001,262.01001,3867900
2014-08-18,263.25,267.26001,259.75,259.940002,259.940002,5849200
2014-08-19,258.869995,259.329987,251.619995,256.76001,256.76001,5334800
2014-08-20,254.669998,258.73999,253,255.710007,255.710007,3027900
2014-08-21,256.519989,258.799988,253.259995,254.339996,254.339996,2915600
2014-08-22,254.539993,256.950012,252.610001,256.779999,256.779999,2833400
2014-08-25,258.190002,263.679993,258.190002,262.549988,262.549988,4318100
2014-08-26,264.980011,265.5,261.660004,261.73999,261.73999,3818000
2014-08-27,263.5,264.23999,260.290009,263.25,263.25,2985100
2014-08-28,261.890015,264.480011,261.640015,263.859985,263.859985,2844900
2014-08-29,268.700012,272,267.51001,269.700012,269.700012,6447100
2014-09-02,275.5,284.890015,274.299988,284.119995,284.119995,9852400
2014-09-03,287.670013,288,280.100006,281.190002,281.190002,6772300
2014-09-04,284.01001,291.420013,280.399994,286.040009,286.040009,8341700
2014-09-05,282.549988,282.899994,272.51001,277.390015,277.390015,11169900
2014-09-08,277.619995,284.880005,277.519989,282.109985,282.109985,5501600
2014-09-09,282.98999,285.48999,277,278.480011,278.480011,4558800
2014-09-10,279.5,281.410004,273.660004,281.100006,281.100006,3781300
2014-09-11,280.459991,284.790009,278.630005,280.309998,280.309998,3766100
2014-09-12,280.5,282.390015,277,279.200012,279.200012,3324600
2014-09-15,274.369995,274.399994,249.130005,253.860001,253.860001,16455400
2014-09-16,255.149994,262.459991,252.419998,260.73999,260.73999,8300100
2014-09-17,262.410004,264.700012,259.5,261.380005,261.380005,5177700
2014-09-18,263.359985,265.600006,262.320007,263.820007,263.820007,3692600
2014-09-19,257.98999,261.429993,255.270004,259.320007,259.320007,6810900
2014-09-22,255,256.019989,244.710007,250.029999,250.029999,8214100
2014-09-23,245.220001,253.800003,245,250.410004,250.410004,5658700
2014-09-24,251.119995,252.839996,247.039993,252.139999,252.139999,3749500
2014-09-25,252.520004,254.960007,246.100006,246.949997,246.949997,4834200
2014-09-26,248.25,249.729996,246.070007,246.600006,246.600006,3795400
2014-09-29,244,248.639999,241.380005,245.259995,245.259995,4852700
2014-09-30,246.919998,247.649994,240.119995,242.679993,242.679993,4238300
2014-10-01,242.199997,242.660004,235.649994,240.240005,240.240005,5941700
2014-10-02,250.199997,252.789993,245.360001,251.419998,251.419998,8998200
2014-10-03,253.059998,256.5,251.029999,255.210007,255.210007,5406300
2014-10-06,259.130005,262.48999,257.799988,260.619995,260.619995,7713300
2014-10-07,258.529999,261.459991,255.729996,259.570007,259.570007,4485500
2014-10-08,260.100006,262.880005,252.639999,259.279999,259.279999,5055100
2014-10-09,262.25,265.540009,254.399994,257.01001,257.01001,7361300
2014-10-10,244.639999,245.889999,235.199997,236.910004,236.910004,12888300
2014-10-13,238.570007,238.960007,221,224.589996,224.589996,11268700
2014-10-14,228.25,232.470001,223,227.059998,227.059998,7105300
2014-10-15,220,230.990005,217.320007,229.699997,229.699997,9147300
2014-10-16,219.720001,229.919998,219.100006,226.350006,226.350006,5399300
2014-10-17,233.380005,234.770004,226.550003,227.479996,227.479996,10549400
2014-10-20,226.720001,232.399994,225.509995,230.470001,230.470001,3494400
2014-10-21,234.270004,235.389999,230.800003,235.339996,235.339996,4130300
2014-10-22,233.190002,237.389999,230.559998,231.100006,231.100006,4116600
2014-10-23,234.660004,236.279999,232,235.289993,235.289993,3492400
2014-10-24,236.270004,237.800003,231.199997,235.240005,235.240005,3463300
2014-10-27,234.25,234.610001,220.309998,221.669998,221.669998,9553300
2014-10-28,229.600006,244.600006,228.25,242.770004,242.770004,10516300
2014-10-29,241.130005,241.5,235.639999,238.100006,238.100006,4962500
2014-10-30,238.139999,240.5,235.059998,238.660004,238.660004,3228400
2014-10-31,242.509995,243.119995,238.75,241.699997,241.699997,3775300
2014-11-03,243,247.559998,241.320007,242.589996,242.589996,4203800
2014-11-04,240.490005,242.350006,236.529999,238.929993,238.929993,3682600
2014-11-05,241,241.360001,230.529999,230.970001,230.970001,9045900
2014-11-06,234.490005,246.690002,228.5,241.220001,241.220001,15354700
2014-11-07,242.190002,242.839996,237.199997,240.199997,240.199997,5161000
2014-11-10,239.110001,242.880005,236.800003,241.929993,241.929993,4577200
2014-11-11,242.550003,251.820007,242,251.080002,251.080002,7948800
2014-11-12,249.720001,252.339996,245.580002,249.100006,249.100006,5870800
2014-11-13,250.619995,255.75,250.25,251.699997,251.699997,6236000
2014-11-14,250,258.850006,248.5,258.679993,258.679993,6101100
2014-11-17,257.48999,259,252.020004,253.979996,253.979996,4025700
2014-11-18,255.860001,259.98999,255.509995,257.700012,257.700012,4473000
2014-11-19,250.610001,251.880005,245.600006,247.740005,247.740005,7918500
2014-11-20,247.949997,250.929993,246,248.710007,248.710007,3587200
2014-11-21,252.210007,252.779999,242.169998,242.779999,242.779999,7485100
2014-11-24,245.199997,247.600006,240.639999,246.720001,246.720001,4789700
2014-11-25,247.350006,249.720001,246.089996,248.089996,248.089996,3159800
2014-11-26,248.339996,249,246.600006,248.440002,248.440002,1981200
2014-11-28,245.350006,246.690002,242.520004,244.520004,244.520004,2119700
2014-12-01,241.160004,242.470001,229.009995,231.639999,231.639999,8619400
2014-12-02,234.570007,234.880005,228,231.429993,231.429993,5887000
2014-12-03,226.25,229.720001,225.5,229.300003,229.300003,5307700
2014-12-04,228.600006,230.899994,227.809998,228.279999,228.279999,3855600
2014-12-05,228.669998,229.389999,222.259995,223.710007,223.710007,6063600
2014-12-08,221.539993,224.860001,212.339996,214.360001,214.360001,9225600
2014-12-09,209.339996,217.729996,204.270004,216.889999,216.889999,9431500
2014-12-10,214.130005,216.770004,207.699997,209.839996,209.839996,7314100
2014-12-11,210.529999,215.429993,208.229996,208.880005,208.880005,6694400
2014-12-12,204.820007,211.679993,204.5,207,207,7173800
2014-12-15,209.289993,209.800003,202.669998,204.039993,204.039993,5218300
2014-12-16,200.889999,203.679993,195.369995,197.809998,197.809998,8426100
2014-12-17,193.059998,206.649994,192.649994,205.820007,205.820007,7367800
2014-12-18,212.380005,218.440002,211.800003,218.259995,218.259995,7483300
2014-12-19,220.190002,220.399994,214.5,219.289993,219.289993,6910500
2014-12-22,220,224.059998,218.259995,222.600006,222.600006,4799400
2014-12-23,223.809998,224.320007,219.520004,220.970001,220.970001,4505700
2014-12-24,219.770004,222.5,219.25,222.259995,222.259995,1332200
2014-12-26,221.509995,228.5,221.5,227.820007,227.820007,3327000
2014-12-29,226.899994,227.910004,224.020004,225.710007,225.710007,2802500
2014-12-30,223.990005,225.649994,221.399994,222.229996,222.229996,2903200
2014-12-31,223.089996,225.679993,222.25,222.410004,222.410004,2402100
2015-01-02,222.869995,223.25,213.259995,219.309998,219.309998,4764400
2015-01-05,214.550003,216.5,207.160004,210.089996,210.089996,5368500
2015-01-06,210.059998,214.199997,204.210007,211.279999,211.279999,6261900
2015-01-07,213.350006,214.779999,209.779999,210.949997,210.949997,2968400
2015-01-08,212.809998,213.800003,210.009995,210.619995,210.619995,3442500
2015-01-09,208.919998,209.979996,204.960007,206.660004,206.660004,4591300
2015-01-12,203.050003,204.470001,199.25,202.210007,202.210007,5944200
2015-01-13,203.320007,207.610001,200.910004,204.25,204.25,4477300
2015-01-14,185.830002,195.199997,185,192.690002,192.690002,11551900
2015-01-15,194.490005,195.75,190,191.869995,191.869995,5216500
2015-01-16,190.699997,194.490005,189.649994,193.070007,193.070007,3603200
2015-01-20,193.869995,194.119995,187.039993,191.929993,191.929993,4489400
2015-01-21,189.550003,198.679993,189.509995,196.570007,196.570007,4153000
2015-01-22,197,203.240005,195.199997,201.619995,201.619995,4116900
2015-01-23,200.289993,203.5,198.330002,201.289993,201.289993,3438600
2015-01-26,201.830002,208.619995,201.050003,206.550003,206.550003,3234500
2015-01-27,204.419998,208.029999,203.300003,205.979996,205.979996,2781000
2015-01-28,206.110001,206.369995,198.419998,199.369995,199.369995,3149600
2015-01-29,201.070007,205.979996,196.5,205.199997,205.199997,3548100
2015-01-30,203.960007,207.470001,203,203.600006,203.600006,3007000
2015-02-02,203.970001,211.949997,203.300003,210.940002,210.940002,4149200
2015-02-03,213.220001,220.369995,211.270004,218.360001,218.360001,4812900
2015-02-04,218.289993,221.479996,216.800003,218.550003,218.550003,3305400
2015-02-05,219.880005,225.479996,219.639999,220.990005,220.990005,3522900
2015-02-06,222,223.399994,216.5,217.360001,217.360001,3233200
2015-02-09,215.380005,217.929993,211.990005,217.479996,217.479996,3472400
2015-02-10,217.550003,220.5,215,216.289993,216.289993,5390500
2015-02-11,212.210007,214.740005,207.279999,212.800003,212.800003,9769100
2015-02-12,193.570007,203.089996,193.279999,202.880005,202.880005,15649600
2015-02-13,202.899994,205.990005,200.910004,203.770004,203.770004,6191000
2015-02-17,205.699997,205.699997,201.5,204.350006,204.350006,3979600
2015-02-18,204.169998,206.169998,202.600006,204.460007,204.460007,2708800
2015-02-19,205,212.440002,203.75,211.710007,211.710007,5154100
2015-02-20,210.779999,217.600006,209.809998,217.110001,217.110001,5982100
2015-02-23,215.660004,218.199997,206.330002,207.339996,207.339996,8499800
2015-02-24,207.289993,207.289993,201.699997,204.110001,204.110001,6584900
2015-02-25,204.940002,207.139999,202.580002,203.759995,203.759995,3909500
2015-02-26,204,211.089996,202.220001,207.190002,207.190002,6472900
2015-02-27,206.899994,208.550003,202.800003,203.339996,203.339996,3882100
2015-03-02,202.699997,203.339996,195.830002,197.330002,197.330002,7922100
2015-03-03,196.809998,200.240005,195.320007,199.559998,199.559998,4432300
2015-03-04,199.25,202.520004,197.210007,202.440002,202.440002,4212000
2015-03-05,202.850006,206.190002,200.149994,200.630005,200.630005,4877000
2015-03-06,199.210007,200.75,192.149994,193.880005,193.880005,6712400
2015-03-09,194.389999,194.490005,188.25,190.880005,190.880005,6736700
2015-03-10,188.460007,193.5,187.600006,190.320007,190.320007,5530900
2015-03-11,191.149994,196.179993,191.009995,193.740005,193.740005,4974900
2015-03-12,193.75,194.449997,189.75,191.070007,191.070007,4149300
2015-03-13,188.949997,191.75,187.320007,188.679993,188.679993,5434300
2015-03-16,192,195.910004,189.800003,195.699997,195.699997,5628800
2015-03-17,195.429993,198.710007,193.940002,194.729996,194.729996,4883200
2015-03-18,194.960007,200.880005,193.110001,200.710007,200.710007,4756300
2015-03-19,202,204.589996,194.529999,195.649994,195.649994,8475200
2015-03-20,197.449997,198.990005,195.619995,198.080002,198.080002,4269500
2015-03-23,198.5,200.5,197.470001,199.630005,199.630005,2620900
2015-03-24,201.580002,203.789993,199.75,201.720001,201.720001,3649900
2015-03-25,198.270004,198.589996,192.699997,194.300003,194.300003,5730400
2015-03-26,193.919998,194.789993,189.699997,190.410004,190.410004,4128000
2015-03-27,189.070007,189.289993,181.399994,185,185,8526900
2015-03-30,185.850006,192.25,181.800003,190.570007,190.570007,10089500
2015-03-31,193.529999,193.759995,188.410004,188.770004,188.770004,5026600
2015-04-01,188.699997,192.300003,186.050003,187.589996,187.589996,3786000
2015-04-02,190.229996,193.229996,190,191,191,5010400
2015-04-06,198,207.75,197.5,203.100006,203.100006,12455800
2015-04-07,202.509995,205.059998,201.139999,203.25,203.25,4347900
2015-04-08,208.199997,210.899994,205.869995,207.669998,207.669998,6303100
2015-04-09,208.429993,210.369995,206.119995,210.089996,210.089996,3800200
2015-04-10,209.850006,211.649994,209,210.899994,210.899994,4067700
2015-04-13,210.440002,213,209.050003,209.779999,209.779999,3758200
2015-04-14,208.570007,209.490005,205.5,207.460007,207.460007,3017000
2015-04-15,207.460007,209.589996,206.600006,207.830002,207.830002,1952400
2015-04-16,207.699997,209.169998,206.289993,206.699997,206.699997,1659100
2015-04-17,204.990005,206.880005,203.5,206.789993,206.789993,2469900
2015-04-20,206.779999,207.850006,203.850006,205.270004,205.270004,2554700
2015-04-21,205.800003,210.75,204.309998,209.410004,209.410004,3432500
2015-04-22,212.5,221.880005,211.690002,219.440002,219.440002,7863000
2015-04-23,218.270004,221.479996,217.149994,218.600006,218.600006,4411200
2015-04-24,220.5,220.800003,218.009995,218.429993,218.429993,2427800
2015-04-27,222.559998,238.75,222,231.550003,231.550003,11672600
2015-04-28,234.75,235.5,228.029999,230.479996,230.479996,6085400
2015-04-29,230.050003,234.970001,227.630005,232.449997,232.449997,3936100
2015-04-30,230.389999,232.889999,225.169998,226.050003,226.050003,3911900
2015-05-01,229.940002,231.770004,220.410004,226.029999,226.029999,5281700
2015-05-04,228.179993,234.729996,227.110001,230.509995,230.509995,4434600
2015-05-05,237.759995,239.5,229.130005,232.949997,232.949997,5796900
2015-05-06,234.100006,234.470001,228.199997,230.429993,230.429993,5270900
2015-05-07,221,237.479996,220.25,236.800003,236.800003,9455900
2015-05-08,235.990005,238.410004,233.699997,236.610001,236.610001,4668200
2015-05-11,236.289993,242.880005,235.309998,239.490005,239.490005,5672300
2015-05-12,240.110001,246.350006,238.190002,244.740005,244.740005,6363400
2015-05-13,247.610001,248.300003,242.25,243.179993,243.179993,5440200
2015-05-14,244.820007,244.889999,241.25,244.100006,244.100006,2895900
2015-05-15,243.929993,249.399994,242.5,248.839996,248.839996,4527600
2015-05-18,247,249.899994,246,248.75,248.75,3348000
2015-05-19,248.429993,251,246.149994,247.139999,247.139999,3674200
2015-05-20,247.130005,247.740005,241.369995,244.350006,244.350006,3755600
2015-05-21,243.029999,246.619995,242.360001,245.619995,245.619995,1970600
2015-05-22,245.380005,248.600006,245.009995,247.729996,247.729996,2223100
2015-05-26,247.679993,252,246.5,247.460007,247.460007,3498700
2015-05-27,248.509995,249.5,245.550003,247.429993,247.429993,3408200
2015-05-28,247.029999,251.800003,245.050003,251.449997,251.449997,3647300
2015-05-29,251,252.869995,249.429993,250.800003,250.800003,3781700
2015-06-01,251.410004,251.600006,247.470001,249.449997,249.449997,2505100
2015-06-02,248.919998,249.399994,246.300003,248.350006,248.350006,2125800
2015-06-03,248.199997,250.720001,247.009995,248.990005,248.990005,1781500
2015-06-04,247.5,249.300003,245.710007,245.919998,245.919998,2453600
2015-06-05,246,249.699997,245.679993,249.139999,249.139999,3022000
2015-06-08,250.850006,258.75,250.309998,256.290009,256.290009,5001200
2015-06-09,255.399994,257.73999,254.139999,256,256,2611100
2015-06-10,251.899994,254,248.5,250.699997,250.699997,3454500
2015-06-11,253.259995,254.369995,250.429993,251.410004,251.410004,2044100
2015-06-12,250.210007,253.460007,250.210007,250.690002,250.690002,1422300
2015-06-15,249.699997,251.279999,246.009995,250.380005,250.380005,2186200
2015-06-16,250.130005,253.440002,249.100006,253.119995,253.119995,1984700
2015-06-17,252.169998,264.359985,252.020004,260.410004,260.410004,5512900
2015-06-18,262,263.459991,260.019989,261.890015,261.890015,2782700
2015-06-19,262.399994,263.799988,260.100006,262.51001,262.51001,2463000
2015-06-22,262.149994,264.399994,255.690002,259.790009,259.790009,4561100
2015-06-23,260.320007,268,258.570007,267.670013,267.670013,3870800
2015-06-24,266.980011,267.350006,263.720001,265.170013,265.170013,2412300
2015-06-25,266.450012,271.410004,265.25,268.790009,268.790009,2849200
2015-06-26,268.890015,269.109985,266,267.089996,267.089996,3838400
2015-06-29,261.950012,265.950012,260.700012,262.019989,262.019989,3478900
2015-06-30,264.799988,270.920013,264,268.26001,268.26001,3086900
2015-07-01,271.109985,272.619995,267.850006,269.149994,269.149994,2101200
2015-07-02,280.200012,282.450012,273.309998,280.019989,280.019989,7163900
2015-07-06,278.880005,281.690002,276.299988,279.720001,279.720001,4121900
2015-07-07,275,275.200012,260.769989,267.880005,267.880005,6105100
2015-07-08,259.320007,260.799988,254.309998,254.960007,254.960007,6221100
2015-07-09,259.079987,262.950012,256.790009,257.920013,257.920013,3334100
2015-07-10,262.220001,263,257.820007,259.149994,259.149994,2610900
2015-07-13,262.25,262.549988,256.049988,262.160004,262.160004,2960300
2015-07-14,262.100006,265.98999,260.51001,265.649994,265.649994,1907600
2015-07-15,266.73999,267.48999,262.079987,263.140015,263.140015,2021600
2015-07-16,264.220001,267.200012,263.160004,266.679993,266.679993,1616000
2015-07-17,272.5,275.540009,268.25,274.660004,274.660004,5004100
2015-07-20,275,286.649994,272.540009,282.26001,282.26001,4978500
2015-07-21,270.049988,273.5,266.549988,266.769989,266.769989,6108700
2015-07-22,261.269989,269.440002,260.859985,267.869995,267.869995,3105000
2015-07-23,269.649994,269.899994,265.269989,267.200012,267.200012,2227200
2015-07-24,267.380005,271.089996,263.920013,265.410004,265.410004,2836500
2015-07-27,262.429993,264.429993,250.789993,253.009995,253.009995,4694200
2015-07-28,255.75,265.399994,251.839996,264.820007,264.820007,3895800
2015-07-29,264.269989,267.890015,262,263.820007,263.820007,2790100
2015-07-30,262.690002,266.940002,262.109985,266.790009,266.790009,2034600
2015-07-31,267.600006,269.359985,265.119995,266.149994,266.149994,2222600
2015-08-03,266.290009,266.709991,257.070007,259.98999,259.98999,2553500
2015-08-04,260.01001,266.720001,258.339996,266.279999,266.279999,2352500
2015-08-05,263.579987,271,260.399994,270.130005,270.130005,6214300
2015-08-06,249.539993,255,236.119995,246.130005,246.130005,14623800
2015-08-07,243.580002,243.729996,238.389999,242.509995,242.509995,5073400
2015-08-10,238.149994,242.970001,236.050003,241.139999,241.139999,4185900
2015-08-11,237.149994,239.300003,234.440002,237.369995,237.369995,4253300
2015-08-12,235,239.770004,232.740005,238.169998,238.169998,3728000
2015-08-13,239.860001,246.479996,239.119995,242.509995,242.509995,4689200
2015-08-14,247.240005,247.929993,241.770004,243.149994,243.149994,4351700
2015-08-17,255.559998,256.589996,250.509995,254.990005,254.990005,7176700
2015-08-18,255.380005,260.950012,253.559998,260.720001,260.720001,4195000
2015-08-19,260.329987,260.649994,255.020004,255.25,255.25,3604300
2015-08-20,252.059998,254.559998,241.899994,242.179993,242.179993,4905800
2015-08-21,236,243.800003,230.509995,230.770004,230.770004,6590200
2015-08-24,202.789993,231.399994,195,218.869995,218.869995,9581600
2015-08-25,230.520004,230.899994,219.119995,220.029999,220.029999,4327300
2015-08-26,227.929993,228,215.509995,224.839996,224.839996,4963000
2015-08-27,231,244.75,230.809998,242.990005,242.990005,7656000
2015-08-28,241.860001,251.449997,241.570007,248.479996,248.479996,5513700
2015-08-31,245.619995,254.949997,245.509995,249.059998,249.059998,4680800
2015-09-01,240.339996,246,236.970001,238.630005,238.630005,5454800
2015-09-02,245.300003,247.880005,239.779999,247.690002,247.690002,4629200
2015-09-03,252.059998,252.080002,245,245.570007,245.570007,4194800
2015-09-04,240.889999,244.089996,238.199997,241.929993,241.929993,3689200
2015-09-08,245.050003,249.160004,244.050003,248.169998,248.169998,3138200
2015-09-09,252.050003,254.25,248.300003,248.910004,248.910004,3384700
2015-09-10,247.229996,250.720001,245.330002,248.479996,248.479996,2709000
2015-09-11,247.639999,250.240005,244.729996,250.240005,250.240005,2350800
2015-09-14,251.100006,254.25,249.669998,253.190002,253.190002,2890900
2015-09-15,252.75,254.600006,249.5,253.570007,253.570007,2929300
2015-09-16,253.039993,262.880005,252.880005,262.25,262.25,4417100
2015-09-17,263.959991,265.5,260.690002,262.070007,262.070007,3585800
2015-09-18,257.959991,263.820007,257.5,260.619995,260.619995,3739800
2015-09-21,263.980011,271.570007,255.800003,264.200012,264.200012,6120200
2015-09-22,259.029999,262.649994,255.869995,260.940002,260.940002,3664400
2015-09-23,261.950012,262.079987,257.579987,261.059998,261.059998,2600800
2015-09-24,259.529999,263.450012,256.209991,263.119995,263.119995,3448200
2015-09-25,266.609985,266.910004,256.149994,256.910004,256.910004,3773400
2015-09-28,257.350006,259.790009,246.610001,248.429993,248.429993,4901100
2015-09-29,250.460007,254.729996,245.460007,246.649994,246.649994,3703200
2015-09-30,252,252.399994,242.339996,248.399994,248.399994,4923300
2015-10-01,247.509995,248.5,237.130005,239.880005,239.880005,4573000
2015-10-02,235.600006,247.699997,234.929993,247.570007,247.570007,4424000
2015-10-05,248.839996,249.839996,244.130005,246.149994,246.149994,3689900
2015-10-06,240,243.029999,235.580002,241.460007,241.460007,5225200
2015-10-07,236.630005,237.699997,229.119995,231.960007,231.960007,6814000
2015-10-08,230.080002,230.720001,221.309998,226.720001,226.720001,6133200
2015-10-09,220.929993,224.369995,218.360001,220.690002,220.690002,6158400
2015-10-12,222.990005,223,215.270004,215.580002,215.580002,3836300
2015-10-13,213.279999,222.520004,211.130005,219.25,219.25,5171500
2015-10-14,220.669998,220.949997,215.429993,216.880005,216.880005,3104400
2015-10-15,216.429993,221.729996,213.699997,221.309998,221.309998,2844200
2015-10-16,223.039993,230.479996,222.869995,227.009995,227.009995,4334500
2015-10-19,226.5,231.149994,224.940002,228.100006,228.100006,2507900
2015-10-20,227.720001,228.600006,202,213.029999,213.029999,14863300
2015-10-21,211.990005,214.809998,208.800003,210.089996,210.089996,4151500
2015-10-22,211.559998,215.75,209.399994,211.720001,211.720001,2825200
2015-10-23,215,215.350006,207.690002,209.089996,209.089996,4235500
2015-10-26,211.380005,215.880005,210,215.259995,215.259995,3391400
2015-10-27,214.839996,217.100006,207.509995,210.350006,210.350006,3519400
2015-10-28,211.309998,213.449997,208.300003,212.960007,212.960007,2728600
2015-10-29,211.75,213.75,210.639999,211.630005,211.630005,1782400
2015-10-30,210.399994,211.630005,203.889999,206.929993,206.929993,4438900
2015-11-02,208.919998,215.800003,207.220001,213.789993,213.789993,3927900
2015-11-03,213.850006,214.440002,207.75,208.350006,208.350006,8332500
2015-11-04,227,232.740005,225.199997,231.630005,231.630005,12706700
2015-11-05,230.580002,234.580002,229.190002,231.770004,231.770004,4496800
2015-11-06,230.699997,233.360001,229.5,232.360001,232.360001,2445300
2015-11-09,232.990005,232.990005,224.309998,225.330002,225.330002,3850900
2015-11-10,223.479996,223.699997,216.080002,216.5,216.5,4617000
2015-11-11,217.770004,219.479996,213.630005,219.080002,219.080002,3347800
2015-11-12,217.850006,219,212.660004,212.940002,212.940002,2915900
2015-11-13,212.949997,212.990005,206.520004,207.190002,207.190002,3430300
2015-11-16,206.089996,214.979996,205.800003,214.309998,214.309998,2925400
2015-11-17,215.199997,216,211.399994,214,214,2148700
2015-11-18,214.5,221.380005,212.520004,221.070007,221.070007,2811900
2015-11-19,220.539993,226.190002,220.300003,221.800003,221.800003,2504400
2015-11-20,223.490005,225,213.580002,220.009995,220.009995,4400700
2015-11-23,217.350006,219.179993,214.679993,217.75,217.75,2526200
2015-11-24,215.369995,221,215,218.25,218.25,2480300
2015-11-25,221.339996,230.830002,220.380005,229.639999,229.639999,3990800
2015-11-27,231.059998,232.25,227.009995,231.610001,231.610001,1949400
2015-11-30,231.789993,234.279999,229.080002,230.259995,230.259995,2659800
2015-12-01,231.059998,238,231.050003,237.190002,237.190002,3734000
2015-12-02,237,238.600006,231.229996,231.990005,231.990005,2981500
2015-12-03,235.479996,237.449997,230,232.710007,232.710007,2939600
2015-12-04,232.460007,233.270004,227.660004,230.380005,230.380005,2573600
2015-12-07,227.699997,235.630005,226.149994,231.130005,231.130005,3144200
2015-12-08,227.520004,228.800003,224.199997,226.720001,226.720001,2687600
2015-12-09,226.699997,227.5,220.720001,224.520004,224.520004,3057800
2015-12-10,224.710007,228.490005,223.639999,227.070007,227.070007,2067000
2015-12-11,225.240005,225.75,216.639999,217.020004,217.020004,3268700
2015-12-14,217.509995,220.919998,214.869995,218.580002,218.580002,2827100
2015-12-15,221.820007,222.220001,218,221.089996,221.089996,2244400
2015-12-16,222.100006,234.880005,220.729996,234.509995,234.509995,5104300
2015-12-17,233.940002,237.759995,229.809998,233.389999,233.389999,3298600
2015-12-18,232.889999,235.899994,229.289993,230.460007,230.460007,3014200
2015-12-21,231.690002,235.830002,231.080002,232.559998,232.559998,1953200
2015-12-22,234.990005,236.550003,229.630005,229.949997,229.949997,1958700
2015-12-23,232.179993,233.449997,228.130005,229.699997,229.699997,1555000
2015-12-24,230.559998,231.880005,228.279999,230.570007,230.570007,710300
2015-12-28,231.490005,231.979996,225.539993,228.949997,228.949997,1900200
2015-12-29,230.059998,237.720001,229.550003,237.190002,237.190002,2406300
2015-12-30,236.600006,243.630005,235.669998,238.089996,238.089996,3697900
2015-12-31,238.509995,243.449997,238.369995,240.009995,240.009995,2715000
2016-01-04,230.720001,231.380005,219,223.410004,223.410004,6827100
2016-01-05,226.360001,226.889999,220,223.429993,223.429993,3186800
2016-01-06,220,220.050003,215.979996,219.039993,219.039993,3779100
2016-01-07,214.190002,218.440002,213.669998,215.649994,215.649994,3554300
2016-01-08,217.860001,220.440002,210.770004,211,211,3628100
2016-01-11,214.009995,214.449997,203,207.850006,207.850006,4089700
2016-01-12,211.600006,213.740005,205.309998,209.970001,209.970001,3091900
2016-01-13,212.009995,212.649994,200,200.309998,200.309998,4126400
2016-01-14,202.210007,210,193.380005,206.179993,206.179993,6490700
2016-01-15,198.970001,205.070007,197.25,204.990005,204.990005,5578600
2016-01-19,208.710007,210.470001,200.779999,204.720001,204.720001,4038700
2016-01-20,199.399994,201.279999,191.25,198.699997,198.699997,5838600
2016-01-21,201.550003,203.229996,195.020004,199.970001,199.970001,3166200
2016-01-22,204.800003,205.5,199.029999,202.550003,202.550003,3124100
2016-01-25,200.059998,203.570007,195.880005,196.380005,196.380005,2698700
2016-01-26,196.699997,197.820007,188.880005,193.559998,193.559998,4946800
2016-01-27,192.380005,193.259995,185.770004,188.070007,188.070007,3617200
2016-01-28,190.789993,191.279999,182.410004,189.699997,189.699997,4592800
2016-01-29,189.949997,193.740005,188.080002,191.199997,191.199997,2852300
2016-02-01,188.759995,199.520004,182.75,196.940002,196.940002,5297600
2016-02-02,192.419998,193.119995,180.229996,182.779999,182.779999,5773600
2016-02-03,183.589996,183.940002,170.179993,173.479996,173.479996,7931400
2016-02-04,170.699997,175.979996,166.990005,175.330002,175.330002,4363900
2016-02-05,171.300003,173,157.740005,162.600006,162.600006,9437600
2016-02-08,157.100006,157.149994,146,147.990005,147.990005,9313000
2016-02-09,142.320007,159.789993,141.050003,148.25,148.25,8575100
2016-02-10,150.5,154.970001,141.740005,143.669998,143.669998,10406500
2016-02-11,152,163.259995,147,150.470001,150.470001,14252400
2016-02-12,155,157.009995,143.699997,151.039993,151.039993,7235800
2016-02-16,158.699997,162.949997,154.110001,155.169998,155.169998,5593800
2016-02-17,159,169.339996,156.679993,168.679993,168.679993,5825200
2016-02-18,172.419998,172.949997,164.770004,166.770004,166.770004,3887600
2016-02-19,163.660004,167.490005,162.5,166.580002,166.580002,2959400
2016-02-22,170.119995,178.910004,169.850006,177.740005,177.740005,5060100
2016-02-23,176.160004,181.729996,173.679993,177.210007,177.210007,5984400
2016-02-24,172.75,179.5,167.839996,179,179,5395600
2016-02-25,178.649994,188.520004,175.199997,187.429993,187.429993,5720500
2016-02-26,188.699997,192,185,190.339996,190.339996,6065100
2016-02-29,192.399994,196.350006,189.220001,191.929993,191.929993,4499000
2016-03-01,194.25,195.949997,182.699997,186.350006,186.350006,6712200
2016-03-02,183.729996,188.520004,181.5,188.339996,188.339996,4862400
2016-03-03,188.279999,197.419998,184.220001,195.740005,195.740005,4820500
2016-03-04,198,204.029999,197.5,201.039993,201.039993,6489100
2016-03-07,197.679993,209.699997,197.399994,205.289993,205.289993,5329400
2016-03-08,203.5,207.5,202.199997,202.600006,202.600006,4178700
2016-03-09,204.520004,209.369995,202.789993,208.720001,208.720001,3208600
2016-03-10,210,213.289993,200.669998,205.179993,205.179993,5183200
2016-03-11,207.929993,209.419998,205.330002,207.5,207.5,3343100
2016-03-14,212.649994,216.720001,210.639999,215.149994,215.149994,4065700
2016-03-15,214.270004,218.970001,211.5,218.339996,218.339996,3180500
2016-03-16,218,222.580002,217.020004,221.929993,221.929993,3516700
2016-03-17,221.470001,228.5,220,226.380005,226.380005,3782900
2016-03-18,229.100006,234.479996,228.059998,232.740005,232.740005,4711800
2016-03-21,235.339996,239.880005,235,238.320007,238.320007,5307800
2016-03-22,237.210007,238.990005,232.559998,234.240005,234.240005,4316000
2016-03-23,232.369995,234.729996,222.029999,222.580002,222.580002,4948800
2016-03-24,215.779999,228.889999,215,227.75,227.75,4960900
2016-03-28,231.610001,234.809998,225,230.259995,230.259995,3925700
2016-03-29,229.889999,232.380005,225.330002,230.130005,230.130005,4004900
2016-03-30,235.089996,235.5,226.5,226.889999,226.889999,4033000
2016-03-31,229.339996,237.419998,225.009995,229.770004,229.770004,8012900
2016-04-01,244.830002,247.899994,233.25,237.589996,237.589996,15997500
2016-04-04,249.119995,252.119995,243.639999,246.990005,246.990005,13475300
2016-04-05,240.5,256.559998,240,255.470001,255.470001,9948700
2016-04-06,253.970001,267.73999,253.449997,265.420013,265.420013,11679900
2016-04-07,266.450012,269.339996,254.509995,257.200012,257.200012,8856200
2016-04-08,260.5,260.820007,248.020004,250.070007,250.070007,7363900
2016-04-11,251,258.98999,245.300003,249.919998,249.919998,9161700
2016-04-12,249.5,251.800003,243.630005,247.820007,247.820007,5750800
2016-04-13,248.509995,255.5,247.330002,254.529999,254.529999,4925600
2016-04-14,253,256.839996,251.050003,251.860001,251.860001,4120000
2016-04-15,251.309998,254.600006,249.119995,254.509995,254.509995,3752400
2016-04-18,252.229996,258.309998,251.660004,253.880005,253.880005,4261800
2016-04-19,253.119995,254.369995,241.25,247.369995,247.369995,6357500
2016-04-20,246.259995,253.660004,241.5,249.970001,249.970001,5194100
2016-04-21,248.990005,250.899994,246.910004,248.289993,248.289993,2783100
2016-04-22,248.889999,254,245.710007,253.75,253.75,3786300
2016-04-25,253.009995,257.380005,250.759995,251.820007,251.820007,3670300
2016-04-26,252.050003,255.729996,249.389999,253.740005,253.740005,3223800
2016-04-27,252.75,255,249.399994,251.470001,251.470001,3205800
2016-04-28,249.850006,253.429993,247.440002,247.710007,247.710007,2519000
2016-04-29,248.139999,248.429993,237.809998,240.759995,240.759995,5413800
2016-05-02,241.5,243.190002,234.820007,241.800003,241.800003,3843900
2016-05-03,237.360001,238.910004,231.619995,232.320007,232.320007,4302200
2016-05-04,230.289993,234.460007,220.399994,222.559998,222.559998,8262500
2016-05-05,228.460007,228.639999,209.789993,211.529999,211.529999,11254800
2016-05-06,210.869995,216.369995,208.110001,214.929993,214.929993,5685200
2016-05-09,215.720001,216.149994,206.800003,208.919998,208.919998,4776400
2016-05-10,207.550003,209.470001,205,208.690002,208.690002,4065200
2016-05-11,207.589996,215.479996,206.050003,208.960007,208.960007,5161900
2016-05-12,211.440002,211.669998,203.660004,207.279999,207.279999,3650500
2016-05-13,207.779999,211.199997,206.699997,207.610001,207.610001,2822800
2016-05-16,208.149994,213.149994,207.919998,208.289993,208.289993,2949400
2016-05-17,209.050003,209.820007,204.020004,204.660004,204.660004,2843600
2016-05-18,209.149994,215.309998,207.75,211.169998,211.169998,5617500
2016-05-19,213.619995,216.789993,207.300003,215.210007,215.210007,6866300
2016-05-20,216.990005,220.550003,216.350006,220.279999,220.279999,9007100
2016-05-23,219.869995,222.600006,215.860001,216.220001,216.220001,5093200
2016-05-24,216.600006,218.740005,215.179993,217.910004,217.910004,3013800
2016-05-25,217.910004,221.360001,216.509995,219.580002,219.580002,3126800
2016-05-26,220.5,225.259995,219.050003,225.119995,225.119995,4064000
2016-05-27,224.990005,225.929993,220.75,223.039993,223.039993,3650300
2016-05-31,223.039993,224.75,221.5,223.229996,223.229996,2789000
2016-06-01,221.479996,222.399994,216.889999,219.559998,219.559998,2982700
2016-06-02,219.589996,219.910004,217.110001,218.960007,218.960007,2009400
2016-06-03,220,221.940002,218.009995,218.990005,218.990005,2229000
2016-06-06,218,220.899994,215.449997,220.679993,220.679993,2249500
2016-06-07,222.240005,234.440002,221.520004,232.339996,232.339996,6213600
2016-06-08,233.800003,240.850006,232.610001,235.520004,235.520004,5972000
2016-06-09,234.979996,235.330002,227.059998,229.360001,229.360001,4492100
2016-06-10,227.389999,227.970001,218.419998,218.789993,218.789993,6026600
2016-06-13,219.5,225.770004,217.660004,217.869995,217.869995,4193000
2016-06-14,218.880005,222.199997,212.529999,214.960007,214.960007,3580200
2016-06-15,216.949997,221.899994,215.130005,217.699997,217.699997,2908500
2016-06-16,217.419998,218.039993,213.5,217.929993,217.929993,2440300
2016-06-17,217.809998,219.990005,214.5,215.470001,215.470001,3112600
2016-06-20,219.5,223.75,218.229996,219.699997,219.699997,3555500
2016-06-21,220.679993,222.570007,218.809998,219.610001,219.610001,4529000
2016-06-22,199.470001,205.949997,195.75,196.660004,196.660004,23742400
2016-06-23,195.690002,197.550003,192.130005,196.399994,196.399994,10130700
2016-06-24,190.050003,195.119995,189.729996,193.149994,193.149994,7026500
2016-06-27,190.860001,198.809998,187.869995,198.550003,198.550003,7205400
2016-06-28,201.889999,204.050003,199.410004,201.789993,201.789993,6212400
2016-06-29,205.130005,211.779999,203,210.190002,210.190002,5994900
2016-06-30,212.970001,213.5,209.020004,212.279999,212.279999,4843100
2016-07-01,206.139999,218.240005,206,216.5,216.5,5400000
2016-07-05,209.729996,214.539993,208,213.979996,213.979996,5175300
2016-07-06,210,215.229996,209,214.440002,214.440002,4919900
2016-07-07,213.100006,218.119995,213.009995,215.940002,215.940002,3599700
2016-07-08,217.800003,219.809998,214.5,216.779999,216.779999,4074800
2016-07-11,219.960007,226.779999,219.509995,224.779999,224.779999,5429800
2016-07-12,224.100006,227.5,223.220001,224.649994,224.649994,4571300
2016-07-13,225.5,225.589996,220.289993,222.529999,222.529999,3567100
2016-07-14,223.119995,224.940002,221.050003,221.529999,221.529999,2675800
2016-07-15,222.520004,222.75,219.639999,220.399994,220.399994,2234200
2016-07-18,219.639999,227.089996,218.300003,226.25,226.25,3412100
2016-07-19,225,229.100006,224.75,225.259995,225.259995,3115100
2016-07-20,226.470001,229.800003,225,228.360001,228.360001,2568500
2016-07-21,226,227.850006,219.100006,220.5,220.5,4428700
2016-07-22,221.990005,224.5,218.880005,222.270004,222.270004,2579700
2016-07-25,222.270004,231.389999,221.369995,230.009995,230.009995,4490700
2016-07-26,227.690002,230,225.300003,229.509995,229.509995,3430000
2016-07-27,229.339996,233.360001,226.919998,228.490005,228.490005,2885200
2016-07-28,227.949997,230.759995,226.600006,230.610001,230.610001,2419100
2016-07-29,230.699997,235.279999,230.240005,234.789993,234.789993,3070800
2016-08-01,235.5,236.630005,229.380005,230.009995,230.009995,4016300
2016-08-02,229.369995,229.869995,221.399994,227.199997,227.199997,3934400
2016-08-03,227.369995,229.699997,224.210007,225.789993,225.789993,3887800
2016-08-04,225.690002,230.860001,222.050003,230.610001,230.610001,4122800
2016-08-05,230,232,227.399994,230.029999,230.029999,3205200
2016-08-08,228,229.600006,226.089996,226.160004,226.160004,2263600
2016-08-09,226.820007,231.539993,226.649994,229.080002,229.080002,2207800
2016-08-10,228.240005,229.869995,224.619995,225.649994,225.649994,2338300
2016-08-11,226.169998,227.570007,223.410004,224.910004,224.910004,1875800
2016-08-12,225.410004,226.649994,224.039993,225.610001,225.610001,1813500
2016-08-15,226.020004,229.5,224.929993,225.589996,225.589996,2034300
2016-08-16,225.490005,227.190002,223.410004,223.610001,223.610001,2267100
2016-08-17,224.330002,224.830002,222.800003,223.240005,223.240005,1787100
2016-08-18,223.820007,225.660004,222.289993,223.509995,223.509995,1714500
2016-08-19,223.539993,225.169998,222.529999,225,225,1659500
2016-08-22,224.169998,225.110001,222.679993,222.929993,222.929993,2065500
2016-08-23,224.320007,228.490005,222.800003,224.839996,224.839996,4784400
2016-08-24,227.050003,227.149994,222.220001,222.619995,222.619995,2570700
2016-08-25,223.110001,223.800003,220.770004,220.960007,220.960007,1762500
2016-08-26,222.139999,222.860001,218.820007,219.990005,219.990005,2239000
2016-08-29,220.149994,220.399994,215,215.199997,215.199997,3257100
2016-08-30,216.110001,216.110001,210.520004,211.339996,211.339996,3168900
2016-08-31,210.429993,212.600006,208.649994,212.009995,212.009995,3276500
2016-09-01,209.009995,211.100006,200.5,200.770004,200.770004,7943100
2016-09-02,202.330002,203.199997,196.199997,197.779999,197.779999,5977400
2016-09-06,199.020004,203.25,199,202.830002,202.830002,4390600
2016-09-07,205.5,206.5,200.710007,201.710007,201.710007,3640900
2016-09-08,199.550003,199.889999,196.360001,197.360001,197.360001,3370000
2016-09-09,199.089996,199.919998,193.699997,194.470001,194.470001,3757000
2016-09-12,195,201.369995,194.100006,198.300003,198.300003,3715200
2016-09-13,197.059998,198.490005,193.449997,196.050003,196.050003,3589400
2016-09-14,195.75,197.919998,194.860001,196.410004,196.410004,2254500
2016-09-15,196.490005,202.520004,196.399994,200.419998,200.419998,3077200
2016-09-16,200.419998,205.699997,199,205.399994,205.399994,3107800
2016-09-19,207,209.429993,205,206.339996,206.339996,2297000
2016-09-20,206.850006,207.75,203.910004,204.639999,204.639999,2410500
2016-09-21,206.369995,207,201.559998,205.220001,205.220001,2633500
2016-09-22,206.399994,207.279999,203,206.429993,206.429993,2382900
2016-09-23,205.990005,210.179993,205.669998,207.449997,207.449997,2905200
2016-09-26,206.5,211,206.5,208.990005,208.990005,2394400
2016-09-27,209.649994,209.979996,204.610001,205.809998,205.809998,3373200
2016-09-28,207.509995,208.25,205.259995,206.270004,206.270004,2088400
2016-09-29,205.600006,207.330002,200.580002,200.699997,200.699997,2727000
2016-09-30,202.210007,204.979996,199.550003,204.029999,204.029999,2586300
2016-10-03,212.300003,215.669998,208.25,213.699997,213.699997,5999900
2016-10-04,213.100006,213.320007,208.820007,211.410004,211.410004,3541500
2016-10-05,212.240005,213.149994,208.119995,208.460007,208.460007,1877500
2016-10-06,202.460007,204.210007,200.210007,201,201,4703400
2016-10-07,201,201.320007,195.800003,196.610001,196.610001,3493000
2016-10-10,201.350006,204.139999,199.660004,200.949997,200.949997,3303100
2016-10-11,201.850006,202.199997,198.309998,200.100006,200.100006,2328400
2016-10-12,200.949997,203.880005,200.419998,201.509995,201.509995,1970700
2016-10-13,200.5,200.899994,197.050003,200.240005,200.240005,2494600
2016-10-14,200.660004,201.429993,196.300003,196.509995,196.509995,4269900
2016-10-17,197.050003,198.389999,192,193.960007,193.960007,4554100
2016-10-18,195.990005,199.470001,193.259995,199.100006,199.100006,5669000
2016-10-19,199.740005,206.660004,198.059998,203.559998,203.559998,6991200
2016-10-20,202.119995,203,197.050003,199.100006,199.100006,5072900
2016-10-21,198.600006,201.570007,197.410004,200.089996,200.089996,2943400
2016-10-24,201,203.949997,200.25,202.759995,202.759995,2751600
2016-10-25,202.899994,204.690002,201.199997,202.339996,202.339996,2445000
2016-10-26,201,203.190002,200.100006,202.240005,202.240005,5632800
2016-10-27,211.339996,213.699997,201.649994,204.009995,204.009995,13093700
2016-10-28,204,205.320007,199.830002,199.970001,199.970001,4280100
2016-10-31,202.490005,202.490005,195.809998,197.729996,197.729996,4692300
2016-11-01,198.039993,198.5,188.110001,190.789993,190.789993,7060000
2016-11-02,190.050003,192.699997,187.509995,188.020004,188.020004,4253400
2016-11-03,189,191.470001,187.039993,187.419998,187.419998,2653000
2016-11-04,189,193.460007,185.960007,190.559998,190.559998,5146000
2016-11-07,193.589996,194.289993,190.050003,193.210007,193.210007,3870100
2016-11-08,193.789993,197.490005,191.259995,194.940002,194.940002,3251400
2016-11-09,186.880005,192,183.949997,190.059998,190.059998,8173100
2016-11-10,191.050003,191.610001,180.419998,185.350006,185.350006,6750300
2016-11-11,184.240005,188.880005,183,188.559998,188.559998,3988500
2016-11-14,188,188.25,178.190002,181.449997,181.449997,6542200
2016-11-15,182.779999,186.429993,182.050003,183.770004,183.770004,3902000
2016-11-16,182.649994,184.729996,181.210007,183.929993,183.929993,3430400
2016-11-17,183.490005,189.490005,182.110001,188.660004,188.660004,4887100
2016-11-18,190.649994,193,185,185.020004,185.020004,5210300
2016-11-21,185.039993,188.889999,184.410004,184.520004,184.520004,4361000
2016-11-22,185.839996,191.470001,183.710007,191.169998,191.169998,5603400
2016-11-23,190.610001,195.639999,189,193.139999,193.139999,4885300
2016-11-25,193.639999,197.240005,193.639999,196.649994,196.649994,2366100
2016-11-28,195.479996,199.350006,194.550003,196.119995,196.119995,4529200
2016-11-29,195.559998,196.729996,189.5,189.570007,189.570007,4439300
2016-11-30,191,191.889999,187.5,189.399994,189.399994,3547100
2016-12-01,188.25,188.529999,181,181.880005,181.880005,5126400
2016-12-02,182.880005,184.880005,180,181.470001,181.470001,4042300
2016-12-05,182.509995,188.889999,182.509995,186.800003,186.800003,4072200
2016-12-06,185.520004,186.580002,182.679993,185.850006,185.850006,3391600
2016-12-07,186.149994,193.399994,185,193.149994,193.149994,5461900
2016-12-08,192.050003,192.5,189.539993,192.289993,192.289993,3194100
2016-12-09,190.869995,193.839996,190.809998,192.179993,192.179993,2722500
2016-12-12,192.800003,194.419998,191.179993,192.429993,192.429993,2438900
2016-12-13,193.179993,201.279999,193,198.149994,198.149994,6823900
2016-12-14,198.740005,203,196.759995,198.690002,198.690002,4150900
2016-12-15,198.410004,200.740005,197.389999,197.580002,197.580002,3219600
2016-12-16,198.080002,202.589996,197.600006,202.490005,202.490005,3779800
2016-12-19,202.490005,204.449997,199.839996,202.729996,202.729996,3488100
2016-12-20,203.050003,209,202.5,208.789993,208.789993,4689100
2016-12-21,208.449997,212.229996,207.410004,207.699997,207.699997,5207600
2016-12-22,208.220001,209.990005,206.5,208.449997,208.449997,3111100
2016-12-23,208,213.449997,207.710007,213.339996,213.339996,4662900
2016-12-27,214.880005,222.25,214.419998,219.529999,219.529999,5915700
2016-12-28,221.529999,223.800003,217.199997,219.740005,219.740005,3782500
2016-12-29,218.559998,219.199997,214.119995,214.679993,214.679993,4035900
2016-12-30,216.300003,217.5,211.679993,213.690002,213.690002,4642600
2017-01-03,214.860001,220.330002,210.960007,216.990005,216.990005,5923300
2017-01-04,214.75,228,214.309998,226.990005,226.990005,11213500
2017-01-05,226.419998,227.479996,221.949997,226.75,226.75,5911700
2017-01-06,226.929993,230.309998,225.449997,229.009995,229.009995,5527900
2017-01-09,228.970001,231.919998,228,231.279999,231.279999,3957000
2017-01-10,232,232,226.889999,229.869995,229.869995,3660000
2017-01-11,229.070007,229.979996,226.679993,229.729996,229.729996,3650800
2017-01-12,229.059998,230.699997,225.580002,229.589996,229.589996,3786700
2017-01-13,230,237.850006,229.589996,237.75,237.75,6093000
2017-01-17,236.699997,239.960007,234.369995,235.580002,235.580002,4611900
2017-01-18,236.649994,239.710007,235.580002,238.360001,238.360001,3769000
2017-01-19,247.25,248.679993,240.75,243.759995,243.759995,7712100
2017-01-20,245.460007,246,243.009995,244.729996,244.729996,4204300
2017-01-23,245.850006,250.889999,245.5,248.919998,248.919998,6262900
2017-01-24,250,254.800003,249.649994,254.610001,254.610001,4965500
2017-01-25,257.309998,258.459991,251.800003,254.470001,254.470001,5142600
2017-01-26,254.289993,255.740005,250.75,252.509995,252.509995,3152100
2017-01-27,251.380005,253,248.520004,252.949997,252.949997,3152200
2017-01-30,252.529999,255.289993,247.100006,250.630005,250.630005,3801100
2017-01-31,249.240005,255.889999,247.699997,251.929993,251.929993,4116100
2017-02-01,253.050003,253.199997,249.050003,249.240005,249.240005,3958800
2017-02-02,248.339996,252.419998,247.710007,251.550003,251.550003,2499800
2017-02-03,251.910004,252.179993,249.679993,251.330002,251.330002,2186700
2017-02-06,251,257.820007,250.630005,257.769989,257.769989,3562500
2017-02-07,258.190002,260,256.420013,257.480011,257.480011,4244800
2017-02-08,257.350006,263.359985,256.200012,262.079987,262.079987,3933000
2017-02-09,266.25,271.179993,266.149994,269.200012,269.200012,7802300
2017-02-10,269.790009,270.950012,266.109985,269.230011,269.230011,3619700
2017-02-13,270.73999,280.790009,270.51001,280.600006,280.600006,7029600
2017-02-14,279.029999,287.390015,278.609985,280.980011,280.980011,7329400
2017-02-15,280,282.23999,276.440002,279.76001,279.76001,4947900
2017-02-16,277.600006,280,268.5,268.950012,268.950012,7077300
2017-02-17,265.799988,272.890015,264.149994,272.230011,272.230011,6257100
2017-02-21,275.450012,281.399994,274.01001,277.390015,277.390015,5676700
2017-02-22,280.309998,283.450012,272.600006,273.51001,273.51001,8081400
2017-02-23,264,264.660004,255.559998,255.990005,255.990005,14915200
2017-02-24,252.660004,258.25,250.199997,257,257,8171600
2017-02-27,248.169998,248.360001,242.009995,246.229996,246.229996,11460800
2017-02-28,244.190002,251,243.899994,249.990005,249.990005,6078100
2017-03-01,254.179993,254.850006,249.110001,250.020004,250.020004,4809500
2017-03-02,249.710007,253.279999,248.270004,250.479996,250.479996,3351800
2017-03-03,250.740005,251.899994,249,251.570007,251.570007,2919400
2017-03-06,247.910004,251.699997,247.509995,251.210007,251.210007,3355500
2017-03-07,251.919998,253.889999,248.320007,248.589996,248.589996,3459500
2017-03-08,247,250.070007,245.320007,246.869995,246.869995,3725200
2017-03-09,247.630005,248.660004,243,244.899994,244.899994,3879300
2017-03-10,246.210007,246.5,243,243.690002,243.690002,3066300
2017-03-13,244.820007,246.850006,242.779999,246.169998,246.169998,3022600
2017-03-14,246.110001,258.119995,246.020004,258,258,7598400
2017-03-15,257,261,254.270004,255.729996,255.729996,5330800
2017-03-16,262.399994,265.75,259.059998,262.049988,262.049988,7132200
2017-03-17,264,265.329987,261.200012,261.5,261.5,6497500
2017-03-20,260.600006,264.549988,258.820007,261.920013,261.920013,3614300
2017-03-21,262.829987,264.799988,250.240005,250.679993,250.679993,6908600
2017-03-22,251.559998,255.070007,250.509995,255.009995,255.009995,4059300
2017-03-23,255.389999,257.670013,253.300003,254.779999,254.779999,3320200
2017-03-24,255.699997,263.890015,255.009995,263.160004,263.160004,5647300
2017-03-27,260.600006,270.570007,259.75,270.220001,270.220001,6230800
2017-03-28,277.019989,280.679993,275,277.450012,277.450012,7987600
2017-03-29,278.339996,279.600006,275.540009,277.380005,277.380005,3676200
2017-03-30,278.040009,282,277.209991,277.920013,277.920013,4148400
2017-03-31,278.730011,279.679993,276.320007,278.299988,278.299988,3294600
2017-04-03,286.899994,299,284.579987,298.519989,298.519989,13888600
2017-04-04,296.890015,304.809998,294.529999,303.700012,303.700012,10134600
2017-04-05,302.040009,304.880005,294.200012,295,295,7880900
2017-04-06,296.880005,301.940002,294.100006,298.700012,298.700012,5520600
2017-04-07,297.5,302.690002,297.149994,302.540009,302.540009,4579600
2017-04-10,309.149994,313.730011,308.709991,312.390015,312.390015,7664500
2017-04-11,313.380005,313.470001,305.5,308.709991,308.709991,5724600
2017-04-12,306.339996,308.450012,296.320007,296.839996,296.839996,6050700
2017-04-13,296.700012,307.390015,295.299988,304,304,9284600
2017-04-17,302.700012,304,298.679993,301.440002,301.440002,4138700
2017-04-18,299.700012,300.839996,297.899994,300.25,300.25,3035700
2017-04-19,302.459991,306.619995,302.109985,305.519989,305.519989,3898000
2017-04-20,306.51001,309.149994,300.230011,302.51001,302.51001,6149400
2017-04-21,302,306.399994,300.420013,305.600006,305.600006,4509800
2017-04-24,309.220001,310.549988,306.019989,308.029999,308.029999,5083500
2017-04-25,308,313.980011,305.859985,313.790009,313.790009,6737700
2017-04-26,312.369995,314.5,309,310.170013,310.170013,4695000
2017-04-27,311.690002,313.089996,307.5,308.630005,308.630005,3468600
2017-04-28,309.829987,314.799988,308,314.070007,314.070007,4505500
2017-05-01,314.880005,327.25,314.809998,322.829987,322.829987,8829600
2017-05-02,324,327.660004,316.559998,318.890015,318.890015,5382800
2017-05-03,317.670013,321.529999,310.450012,311.019989,311.019989,7133400
2017-05-04,307.440002,307.769989,290.76001,295.459991,295.459991,14152000
2017-05-05,298,308.549988,296.799988,308.350006,308.350006,8177300
2017-05-08,310.899994,313.790009,305.820007,307.190002,307.190002,7006500
2017-05-09,309.380005,321.98999,309.100006,321.26001,321.26001,9676500
2017-05-10,321.559998,325.5,318.119995,325.220001,325.220001,5741600
2017-05-11,323.399994,326,319.600006,323.100006,323.100006,4753800
2017-05-12,325.480011,327,321.529999,324.809998,324.809998,4121600
2017-05-15,318.380005,320.200012,312.529999,315.880005,315.880005,7622000
2017-05-16,317.589996,320.059998,315.140015,317.01001,317.01001,4152500
2017-05-17,314.390015,314.630005,305.5,306.109985,306.109985,6711900
2017-05-18,307,313.940002,305.309998,313.059998,313.059998,5653800
2017-05-19,315.5,316.5,310.200012,310.829987,310.829987,4687600
2017-05-22,312.799988,314.369995,306.799988,310.350006,310.350006,4329200
2017-05-23,310.459991,310.730011,303.480011,303.859985,303.859985,4318400
2017-05-24,306.51001,311,305.399994,310.220001,310.220001,5033300
2017-05-25,311.019989,316.970001,307.809998,316.829987,316.829987,5014000
2017-05-26,317.279999,325.48999,316.309998,325.140015,325.140015,7763700
2017-05-30,326,336.279999,325.76001,335.100006,335.100006,7782900
2017-05-31,337.690002,342.890015,335.160004,341.01001,341.01001,9963400
2017-06-01,344,344.880005,337.290009,340.369995,340.369995,7608000
2017-06-02,339.769989,342.880005,335.929993,339.850006,339.850006,5590200
2017-06-05,338.5,348.440002,334.209991,347.320007,347.320007,6784400
2017-06-06,344.700012,359.48999,339.970001,352.850006,352.850006,11086800
2017-06-07,356.339996,360.5,355.140015,359.649994,359.649994,9398000
2017-06-08,363.75,371.899994,360.220001,370,370,9061500
2017-06-09,374.420013,376.869995,354.799988,357.320007,357.320007,17261400
2017-06-12,357.98999,364.5,350.619995,359.01001,359.01001,10517700
2017-06-13,367.619995,376,366.609985,375.950012,375.950012,11807900
2017-06-14,381.089996,384.25,376.309998,380.660004,380.660004,12818400
2017-06-15,372.5,375.459991,366.48999,375.339996,375.339996,10426500
2017-06-16,377.980011,378.01001,370.100006,371.399994,371.399994,6731000
2017-06-19,375,376.700012,367.799988,369.799988,369.799988,6549300
2017-06-20,376.670013,378.880005,369.730011,372.23999,372.23999,7438700
2017-06-21,374.350006,376.98999,368.019989,376.399994,376.399994,4923200
2017-06-22,377.98999,385,373.570007,382.609985,382.609985,7529800
2017-06-23,382.450012,386.98999,379.350006,383.450012,383.450012,6445800
2017-06-26,386.690002,386.950012,373.100006,377.48999,377.48999,6604100
2017-06-27,376.399994,376.399994,362.019989,362.369995,362.369995,6996400
2017-06-28,366.679993,371.73999,362.519989,371.23999,371.23999,6302500
2017-06-29,370.609985,371,354.100006,360.75,360.75,8221000
2017-06-30,363.709991,366.769989,359.619995,361.609985,361.609985,5848500
2017-07-03,370.23999,371.350006,351.5,352.619995,352.619995,6305400
2017-07-05,347.200012,347.23999,326.329987,327.089996,327.089996,17046700
2017-07-06,317.26001,320.790009,306.299988,308.829987,308.829987,19230400
2017-07-07,313.5,317,307.380005,313.220001,313.220001,14176900
2017-07-10,312.899994,317.940002,303.130005,316.049988,316.049988,13820900
2017-07-11,316,327.279999,314.299988,327.220001,327.220001,11559400
2017-07-12,330.399994,333.100006,324.5,329.519989,329.519989,10346100
2017-07-13,330.109985,331.600006,319.970001,323.410004,323.410004,8594500
2017-07-14,323.190002,328.420013,321.220001,327.779999,327.779999,5625200
2017-07-17,325.540009,327.100006,313.450012,319.570007,319.570007,9876900
2017-07-18,317.5,329.130005,315.660004,328.23999,328.23999,6373700
2017-07-19,328.230011,331.649994,323.220001,325.26001,325.26001,6357000
2017-07-20,326.899994,330.220001,324.200012,329.920013,329.920013,5166200
2017-07-21,329.459991,331.26001,325.799988,328.399994,328.399994,4901600
2017-07-24,330.23999,343.399994,330.01001,342.519989,342.519989,8637100
2017-07-25,345,345.600006,334.149994,339.600006,339.600006,6989200
2017-07-26,340.359985,345.5,338.119995,343.850006,343.850006,4820800
2017-07-27,346,347.5,326.290009,334.459991,334.459991,8302400
2017-07-28,336.890015,339.600006,332.51001,335.070007,335.070007,4880400
2017-07-31,335.5,341.48999,321.040009,323.470001,323.470001,8535100
2017-08-01,323,324.450012,316.130005,319.570007,319.570007,8303100
2017-08-02,318.940002,327.119995,311.220001,325.890015,325.890015,13091500
2017-08-03,345.329987,350,343.149994,347.089996,347.089996,13535000
2017-08-04,347,357.269989,343.299988,356.910004,356.910004,9268900
2017-08-07,357.350006,359.480011,352.75,355.170013,355.170013,6324500
2017-08-08,357.529999,368.579987,357.399994,365.220001,365.220001,7449800
2017-08-09,361,370,358.950012,363.529999,363.529999,6892100
2017-08-10,361.600006,366.649994,354.660004,355.399994,355.399994,7092900
2017-08-11,356.970001,361.26001,353.619995,357.869995,357.869995,4365800
2017-08-14,364.630005,367.660004,362.600006,363.799988,363.799988,4502700
2017-08-15,365.200012,365.48999,359.369995,362.329987,362.329987,3085100
2017-08-16,363,366.5,362.519989,362.910004,362.910004,3413800
2017-08-17,361.209991,363.299988,351.589996,351.920013,351.920013,5027700
2017-08-18,352.910004,354,345.799988,347.459991,347.459991,5408200
2017-08-21,345.820007,345.820007,331.850006,337.859985,337.859985,6495400
2017-08-22,341.130005,342.23999,337.369995,341.350006,341.350006,4322000
2017-08-23,338.98999,353.48999,338.299988,352.769989,352.769989,4954500
2017-08-24,352.519989,356.660004,349.73999,352.929993,352.929993,4584700
2017-08-25,354.23999,355.690002,347.299988,348.049988,348.049988,3484000
2017-08-28,347.279999,347.350006,339.720001,345.660004,345.660004,3764000
2017-08-29,339.480011,349.049988,338.75,347.359985,347.359985,4073700
2017-08-30,349.670013,353.470001,347,353.179993,353.179993,3412900
2017-08-31,353.549988,358.440002,352.820007,355.899994,355.899994,4072800
2017-09-01,356.119995,357.589996,353.690002,355.399994,355.399994,3049500
2017-09-05,353.799988,355.48999,345.890015,349.589996,349.589996,3835100
2017-09-06,349.5,350.980011,341.559998,344.529999,344.529999,4091400
2017-09-07,345.980011,352.480011,343.450012,350.609985,350.609985,4239200
2017-09-08,348.98999,349.779999,342.299988,343.399994,343.399994,3257600
2017-09-11,351.350006,363.709991,350,363.690002,363.690002,7627900
2017-09-12,364.48999,368.76001,360.399994,362.75,362.75,5972907
